<?xml version="1.0" encoding="UTF-8" standalone="no"?>
<!DOCTYPE log SYSTEM "logger.dtd">
<log>
<record>
  <date>2026-02-03T06:50:30.951125200Z</date>
  <millis>1770101430951</millis>
  <nanos>125200</nanos>
  <sequence>0</sequence>
  <level>START</level>
  <class>com.kms.katalon.core.logging.XmlKeywordLogger</class>
  <method>startSuite</method>
  <thread>1</thread>
  <message>Start Test Suite : Test Suites/Addon - Maintenance Routine/Schecule</message>
  <nestedLevel>0</nestedLevel>
  <escapedJava>false</escapedJava>
  <property name="rerunTestFailImmediately">false</property>
  <property name="retryCount">0</property>
  <property name="name">Schecule</property>
  <property name="description"></property>
  <property name="id">Test Suites/Addon - Maintenance Routine/Schecule</property>
</record>
<record>
  <date>2026-02-03T06:50:30.969564700Z</date>
  <millis>1770101430969</millis>
  <nanos>564700</nanos>
  <sequence>1</sequence>
  <level>RUN_DATA</level>
  <class>com.kms.katalon.core.logging.XmlKeywordLogger</class>
  <method>logMessage</method>
  <thread>1</thread>
  <message>userFullName = Aditya Daffa Syahputra</message>
  <nestedLevel>0</nestedLevel>
  <escapedJava>false</escapedJava>
  <property name="userFullName">Aditya Daffa Syahputra</property>
</record>
<record>
  <date>2026-02-03T06:50:30.971065500Z</date>
  <millis>1770101430971</millis>
  <nanos>65500</nanos>
  <sequence>2</sequence>
  <level>RUN_DATA</level>
  <class>com.kms.katalon.core.logging.XmlKeywordLogger</class>
  <method>logMessage</method>
  <thread>1</thread>
  <message>projectName = katalon-automation</message>
  <nestedLevel>0</nestedLevel>
  <escapedJava>false</escapedJava>
  <property name="projectName">katalon-automation</property>
</record>
<record>
  <date>2026-02-03T06:50:30.971065500Z</date>
  <millis>1770101430971</millis>
  <nanos>65500</nanos>
  <sequence>3</sequence>
  <level>RUN_DATA</level>
  <class>com.kms.katalon.core.logging.XmlKeywordLogger</class>
  <method>logMessage</method>
  <thread>1</thread>
  <message>hostName = LENOVO - LAPTOP-JCNL1CVB</message>
  <nestedLevel>0</nestedLevel>
  <escapedJava>false</escapedJava>
  <property name="hostName">LENOVO - LAPTOP-JCNL1CVB</property>
</record>
<record>
  <date>2026-02-03T06:50:30.972073200Z</date>
  <millis>1770101430972</millis>
  <nanos>73200</nanos>
  <sequence>4</sequence>
  <level>RUN_DATA</level>
  <class>com.kms.katalon.core.logging.XmlKeywordLogger</class>
  <method>logMessage</method>
  <thread>1</thread>
  <message>os = Windows 11 64bit</message>
  <nestedLevel>0</nestedLevel>
  <escapedJava>false</escapedJava>
  <property name="os">Windows 11 64bit</property>
</record>
<record>
  <date>2026-02-03T06:50:30.972581400Z</date>
  <millis>1770101430972</millis>
  <nanos>581400</nanos>
  <sequence>5</sequence>
  <level>RUN_DATA</level>
  <class>com.kms.katalon.core.logging.XmlKeywordLogger</class>
  <method>logMessage</method>
  <thread>1</thread>
  <message>hostAddress = 192.168.88.131</message>
  <nestedLevel>0</nestedLevel>
  <escapedJava>false</escapedJava>
  <property name="hostAddress">192.168.88.131</property>
</record>
<record>
  <date>2026-02-03T06:50:30.973593300Z</date>
  <millis>1770101430973</millis>
  <nanos>593300</nanos>
  <sequence>6</sequence>
  <level>RUN_DATA</level>
  <class>com.kms.katalon.core.logging.XmlKeywordLogger</class>
  <method>logMessage</method>
  <thread>1</thread>
  <message>katalonVersion = 10.4.1.0</message>
  <nestedLevel>0</nestedLevel>
  <escapedJava>false</escapedJava>
  <property name="katalonVersion">10.4.1.0</property>
</record>
<record>
  <date>2026-02-03T06:50:30.989039800Z</date>
  <millis>1770101430989</millis>
  <nanos>39800</nanos>
  <sequence>7</sequence>
  <level>START</level>
  <class>com.kms.katalon.core.logging.XmlKeywordLogger</class>
  <method>startKeyword</method>
  <thread>1</thread>
  <message>Start listener action : setupCrudData</message>
  <nestedLevel>0</nestedLevel>
  <escapedJava>false</escapedJava>
</record>
<record>
  <date>2026-02-03T06:50:31.024561400Z</date>
  <millis>1770101431024</millis>
  <nanos>561400</nanos>
  <sequence>9</sequence>
  <level>START</level>
  <class>com.kms.katalon.core.logging.XmlKeywordLogger</class>
  <method>startKeyword</method>
  <thread>1</thread>
  <message>Start action : isRunningFromSuite = true</message>
  <nestedLevel>1</nestedLevel>
  <escapedJava>false</escapedJava>
  <property name="startLine">34</property>
  <property name="stepIndex">1</property>
</record>
<record>
  <date>2026-02-03T06:50:31.034230600Z</date>
  <millis>1770101431034</millis>
  <nanos>230600</nanos>
  <sequence>10</sequence>
  <level>END</level>
  <class>com.kms.katalon.core.logging.XmlKeywordLogger</class>
  <method>endKeyword</method>
  <thread>1</thread>
  <message>End action : isRunningFromSuite = true</message>
  <nestedLevel>1</nestedLevel>
  <escapedJava>false</escapedJava>
</record>
<record>
  <date>2026-02-03T06:50:31.034230600Z</date>
  <millis>1770101431034</millis>
  <nanos>230600</nanos>
  <sequence>11</sequence>
  <level>START</level>
  <class>com.kms.katalon.core.logging.XmlKeywordLogger</class>
  <method>startKeyword</method>
  <thread>1</thread>
  <message>Start action : generateCommonData(&amp;quot;Suite&amp;quot;)</message>
  <nestedLevel>1</nestedLevel>
  <escapedJava>false</escapedJava>
  <property name="startLine">36</property>
  <property name="stepIndex">2</property>
</record>
<record>
  <date>2026-02-03T06:50:31.038740100Z</date>
  <millis>1770101431038</millis>
  <nanos>740100</nanos>
  <sequence>12</sequence>
  <level>END</level>
  <class>com.kms.katalon.core.logging.XmlKeywordLogger</class>
  <method>endKeyword</method>
  <thread>1</thread>
  <message>End action : generateCommonData(&amp;quot;Suite&amp;quot;)</message>
  <nestedLevel>1</nestedLevel>
  <escapedJava>false</escapedJava>
</record>
<record>
  <date>2026-02-03T06:50:31.038740100Z</date>
  <millis>1770101431038</millis>
  <nanos>740100</nanos>
  <sequence>13</sequence>
  <level>START</level>
  <class>com.kms.katalon.core.logging.XmlKeywordLogger</class>
  <method>startKeyword</method>
  <thread>1</thread>
  <message>Start action : randomName = company.RandomGenerator.generateRandomText(10, &amp;quot;ALPHANUMERIC&amp;quot;)</message>
  <nestedLevel>1</nestedLevel>
  <escapedJava>false</escapedJava>
  <property name="startLine">58</property>
  <property name="stepIndex">1</property>
</record>
<record>
  <date>2026-02-03T06:50:31.103522100Z</date>
  <millis>1770101431103</millis>
  <nanos>522100</nanos>
  <sequence>14</sequence>
  <level>PASSED</level>
  <class>com.kms.katalon.core.logging.XmlKeywordLogger</class>
  <method>logMessage</method>
  <thread>1</thread>
  <message>company.RandomGenerator.generateRandomText is PASSED</message>
  <nestedLevel>0</nestedLevel>
  <escapedJava>false</escapedJava>
</record>
<record>
  <date>2026-02-03T06:50:31.106250400Z</date>
  <millis>1770101431106</millis>
  <nanos>250400</nanos>
  <sequence>15</sequence>
  <level>END</level>
  <class>com.kms.katalon.core.logging.XmlKeywordLogger</class>
  <method>endKeyword</method>
  <thread>1</thread>
  <message>End action : randomName = company.RandomGenerator.generateRandomText(10, &amp;quot;ALPHANUMERIC&amp;quot;)</message>
  <nestedLevel>1</nestedLevel>
  <escapedJava>false</escapedJava>
</record>
<record>
  <date>2026-02-03T06:50:31.106250400Z</date>
  <millis>1770101431106</millis>
  <nanos>250400</nanos>
  <sequence>16</sequence>
  <level>START</level>
  <class>com.kms.katalon.core.logging.XmlKeywordLogger</class>
  <method>startKeyword</method>
  <thread>1</thread>
  <message>Start action : randomNameWithoutChar = company.RandomGenerator.generateRandomText(10, &amp;quot;ALPHANUMERIC&amp;quot;)</message>
  <nestedLevel>1</nestedLevel>
  <escapedJava>false</escapedJava>
  <property name="startLine">59</property>
  <property name="stepIndex">2</property>
</record>
<record>
  <date>2026-02-03T06:50:31.107770800Z</date>
  <millis>1770101431107</millis>
  <nanos>770800</nanos>
  <sequence>17</sequence>
  <level>PASSED</level>
  <class>com.kms.katalon.core.logging.XmlKeywordLogger</class>
  <method>logMessage</method>
  <thread>1</thread>
  <message>company.RandomGenerator.generateRandomText is PASSED</message>
  <nestedLevel>0</nestedLevel>
  <escapedJava>false</escapedJava>
</record>
<record>
  <date>2026-02-03T06:50:31.114818400Z</date>
  <millis>1770101431114</millis>
  <nanos>818400</nanos>
  <sequence>18</sequence>
  <level>END</level>
  <class>com.kms.katalon.core.logging.XmlKeywordLogger</class>
  <method>endKeyword</method>
  <thread>1</thread>
  <message>End action : randomNameWithoutChar = company.RandomGenerator.generateRandomText(10, &amp;quot;ALPHANUMERIC&amp;quot;)</message>
  <nestedLevel>1</nestedLevel>
  <escapedJava>false</escapedJava>
</record>
<record>
  <date>2026-02-03T06:50:31.114818400Z</date>
  <millis>1770101431114</millis>
  <nanos>818400</nanos>
  <sequence>19</sequence>
  <level>START</level>
  <class>com.kms.katalon.core.logging.XmlKeywordLogger</class>
  <method>startKeyword</method>
  <thread>1</thread>
  <message>Start action : randomCodeName = company.RandomGenerator.generateRandomText(4, &amp;quot;ALPHANUMERIC&amp;quot;)</message>
  <nestedLevel>1</nestedLevel>
  <escapedJava>false</escapedJava>
  <property name="startLine">60</property>
  <property name="stepIndex">3</property>
</record>
<record>
  <date>2026-02-03T06:50:31.117816200Z</date>
  <millis>1770101431117</millis>
  <nanos>816200</nanos>
  <sequence>20</sequence>
  <level>PASSED</level>
  <class>com.kms.katalon.core.logging.XmlKeywordLogger</class>
  <method>logMessage</method>
  <thread>1</thread>
  <message>company.RandomGenerator.generateRandomText is PASSED</message>
  <nestedLevel>0</nestedLevel>
  <escapedJava>false</escapedJava>
</record>
<record>
  <date>2026-02-03T06:50:31.120327300Z</date>
  <millis>1770101431120</millis>
  <nanos>327300</nanos>
  <sequence>21</sequence>
  <level>END</level>
  <class>com.kms.katalon.core.logging.XmlKeywordLogger</class>
  <method>endKeyword</method>
  <thread>1</thread>
  <message>End action : randomCodeName = company.RandomGenerator.generateRandomText(4, &amp;quot;ALPHANUMERIC&amp;quot;)</message>
  <nestedLevel>1</nestedLevel>
  <escapedJava>false</escapedJava>
</record>
<record>
  <date>2026-02-03T06:50:31.121339900Z</date>
  <millis>1770101431121</millis>
  <nanos>339900</nanos>
  <sequence>22</sequence>
  <level>START</level>
  <class>com.kms.katalon.core.logging.XmlKeywordLogger</class>
  <method>startKeyword</method>
  <thread>1</thread>
  <message>Start action : randomEditedName = company.RandomGenerator.generateRandomText(10, &amp;quot;ALPHANUMERIC&amp;quot;)</message>
  <nestedLevel>1</nestedLevel>
  <escapedJava>false</escapedJava>
  <property name="startLine">61</property>
  <property name="stepIndex">4</property>
</record>
<record>
  <date>2026-02-03T06:50:31.125063800Z</date>
  <millis>1770101431125</millis>
  <nanos>63800</nanos>
  <sequence>23</sequence>
  <level>PASSED</level>
  <class>com.kms.katalon.core.logging.XmlKeywordLogger</class>
  <method>logMessage</method>
  <thread>1</thread>
  <message>company.RandomGenerator.generateRandomText is PASSED</message>
  <nestedLevel>0</nestedLevel>
  <escapedJava>false</escapedJava>
</record>
<record>
  <date>2026-02-03T06:50:31.131105500Z</date>
  <millis>1770101431131</millis>
  <nanos>105500</nanos>
  <sequence>24</sequence>
  <level>END</level>
  <class>com.kms.katalon.core.logging.XmlKeywordLogger</class>
  <method>endKeyword</method>
  <thread>1</thread>
  <message>End action : randomEditedName = company.RandomGenerator.generateRandomText(10, &amp;quot;ALPHANUMERIC&amp;quot;)</message>
  <nestedLevel>1</nestedLevel>
  <escapedJava>false</escapedJava>
</record>
<record>
  <date>2026-02-03T06:50:31.132115100Z</date>
  <millis>1770101431132</millis>
  <nanos>115100</nanos>
  <sequence>25</sequence>
  <level>START</level>
  <class>com.kms.katalon.core.logging.XmlKeywordLogger</class>
  <method>startKeyword</method>
  <thread>1</thread>
  <message>Start action : randomOver30Name = company.RandomGenerator.generateRandomText(30, &amp;quot;ALPHANUMERIC&amp;quot;)</message>
  <nestedLevel>1</nestedLevel>
  <escapedJava>false</escapedJava>
  <property name="startLine">62</property>
  <property name="stepIndex">5</property>
</record>
<record>
  <date>2026-02-03T06:50:31.134124100Z</date>
  <millis>1770101431134</millis>
  <nanos>124100</nanos>
  <sequence>26</sequence>
  <level>PASSED</level>
  <class>com.kms.katalon.core.logging.XmlKeywordLogger</class>
  <method>logMessage</method>
  <thread>1</thread>
  <message>company.RandomGenerator.generateRandomText is PASSED</message>
  <nestedLevel>0</nestedLevel>
  <escapedJava>false</escapedJava>
</record>
<record>
  <date>2026-02-03T06:50:31.136870200Z</date>
  <millis>1770101431136</millis>
  <nanos>870200</nanos>
  <sequence>27</sequence>
  <level>END</level>
  <class>com.kms.katalon.core.logging.XmlKeywordLogger</class>
  <method>endKeyword</method>
  <thread>1</thread>
  <message>End action : randomOver30Name = company.RandomGenerator.generateRandomText(30, &amp;quot;ALPHANUMERIC&amp;quot;)</message>
  <nestedLevel>1</nestedLevel>
  <escapedJava>false</escapedJava>
</record>
<record>
  <date>2026-02-03T06:50:31.136870200Z</date>
  <millis>1770101431136</millis>
  <nanos>870200</nanos>
  <sequence>28</sequence>
  <level>START</level>
  <class>com.kms.katalon.core.logging.XmlKeywordLogger</class>
  <method>startKeyword</method>
  <thread>1</thread>
  <message>Start action : randomOver60Name = company.RandomGenerator.generateRandomText(60, &amp;quot;ALPHANUMERIC&amp;quot;)</message>
  <nestedLevel>1</nestedLevel>
  <escapedJava>false</escapedJava>
  <property name="startLine">63</property>
  <property name="stepIndex">6</property>
</record>
<record>
  <date>2026-02-03T06:50:31.139391800Z</date>
  <millis>1770101431139</millis>
  <nanos>391800</nanos>
  <sequence>29</sequence>
  <level>PASSED</level>
  <class>com.kms.katalon.core.logging.XmlKeywordLogger</class>
  <method>logMessage</method>
  <thread>1</thread>
  <message>company.RandomGenerator.generateRandomText is PASSED</message>
  <nestedLevel>0</nestedLevel>
  <escapedJava>false</escapedJava>
</record>
<record>
  <date>2026-02-03T06:50:31.140538Z</date>
  <millis>1770101431140</millis>
  <nanos>538000</nanos>
  <sequence>30</sequence>
  <level>END</level>
  <class>com.kms.katalon.core.logging.XmlKeywordLogger</class>
  <method>endKeyword</method>
  <thread>1</thread>
  <message>End action : randomOver60Name = company.RandomGenerator.generateRandomText(60, &amp;quot;ALPHANUMERIC&amp;quot;)</message>
  <nestedLevel>1</nestedLevel>
  <escapedJava>false</escapedJava>
</record>
<record>
  <date>2026-02-03T06:50:31.141549400Z</date>
  <millis>1770101431141</millis>
  <nanos>549400</nanos>
  <sequence>31</sequence>
  <level>START</level>
  <class>com.kms.katalon.core.logging.XmlKeywordLogger</class>
  <method>startKeyword</method>
  <thread>1</thread>
  <message>Start action : randomOver120Name = company.RandomGenerator.generateRandomText(120, &amp;quot;ALPHANUMERIC&amp;quot;)</message>
  <nestedLevel>1</nestedLevel>
  <escapedJava>false</escapedJava>
  <property name="startLine">64</property>
  <property name="stepIndex">7</property>
</record>
<record>
  <date>2026-02-03T06:50:31.145710800Z</date>
  <millis>1770101431145</millis>
  <nanos>710800</nanos>
  <sequence>32</sequence>
  <level>PASSED</level>
  <class>com.kms.katalon.core.logging.XmlKeywordLogger</class>
  <method>logMessage</method>
  <thread>1</thread>
  <message>company.RandomGenerator.generateRandomText is PASSED</message>
  <nestedLevel>0</nestedLevel>
  <escapedJava>false</escapedJava>
</record>
<record>
  <date>2026-02-03T06:50:31.147709900Z</date>
  <millis>1770101431147</millis>
  <nanos>709900</nanos>
  <sequence>33</sequence>
  <level>END</level>
  <class>com.kms.katalon.core.logging.XmlKeywordLogger</class>
  <method>endKeyword</method>
  <thread>1</thread>
  <message>End action : randomOver120Name = company.RandomGenerator.generateRandomText(120, &amp;quot;ALPHANUMERIC&amp;quot;)</message>
  <nestedLevel>1</nestedLevel>
  <escapedJava>false</escapedJava>
</record>
<record>
  <date>2026-02-03T06:50:31.148706600Z</date>
  <millis>1770101431148</millis>
  <nanos>706600</nanos>
  <sequence>34</sequence>
  <level>START</level>
  <class>com.kms.katalon.core.logging.XmlKeywordLogger</class>
  <method>startKeyword</method>
  <thread>1</thread>
  <message>Start action : generatedName = &amp;quot;Data-&amp;quot; + randomName</message>
  <nestedLevel>1</nestedLevel>
  <escapedJava>false</escapedJava>
  <property name="startLine">67</property>
  <property name="stepIndex">8</property>
</record>
<record>
  <date>2026-02-03T06:50:31.884924200Z</date>
  <millis>1770101431884</millis>
  <nanos>924200</nanos>
  <sequence>35</sequence>
  <level>END</level>
  <class>com.kms.katalon.core.logging.XmlKeywordLogger</class>
  <method>endKeyword</method>
  <thread>1</thread>
  <message>End action : generatedName = &amp;quot;Data-&amp;quot; + randomName</message>
  <nestedLevel>1</nestedLevel>
  <escapedJava>false</escapedJava>
</record>
<record>
  <date>2026-02-03T06:50:31.885924900Z</date>
  <millis>1770101431885</millis>
  <nanos>924900</nanos>
  <sequence>36</sequence>
  <level>START</level>
  <class>com.kms.katalon.core.logging.XmlKeywordLogger</class>
  <method>startKeyword</method>
  <thread>1</thread>
  <message>Start action : generatedNameWithoutChar = &amp;quot;TES&amp;quot; + randomNameWithoutChar</message>
  <nestedLevel>1</nestedLevel>
  <escapedJava>false</escapedJava>
  <property name="startLine">68</property>
  <property name="stepIndex">9</property>
</record>
<record>
  <date>2026-02-03T06:50:31.887928500Z</date>
  <millis>1770101431887</millis>
  <nanos>928500</nanos>
  <sequence>37</sequence>
  <level>END</level>
  <class>com.kms.katalon.core.logging.XmlKeywordLogger</class>
  <method>endKeyword</method>
  <thread>1</thread>
  <message>End action : generatedNameWithoutChar = &amp;quot;TES&amp;quot; + randomNameWithoutChar</message>
  <nestedLevel>1</nestedLevel>
  <escapedJava>false</escapedJava>
</record>
<record>
  <date>2026-02-03T06:50:31.887928500Z</date>
  <millis>1770101431887</millis>
  <nanos>928500</nanos>
  <sequence>38</sequence>
  <level>START</level>
  <class>com.kms.katalon.core.logging.XmlKeywordLogger</class>
  <method>startKeyword</method>
  <thread>1</thread>
  <message>Start action : generatedCodeName = randomCodeName.toUpperCase()</message>
  <nestedLevel>1</nestedLevel>
  <escapedJava>false</escapedJava>
  <property name="startLine">69</property>
  <property name="stepIndex">10</property>
</record>
<record>
  <date>2026-02-03T06:50:31.890444300Z</date>
  <millis>1770101431890</millis>
  <nanos>444300</nanos>
  <sequence>39</sequence>
  <level>END</level>
  <class>com.kms.katalon.core.logging.XmlKeywordLogger</class>
  <method>endKeyword</method>
  <thread>1</thread>
  <message>End action : generatedCodeName = randomCodeName.toUpperCase()</message>
  <nestedLevel>1</nestedLevel>
  <escapedJava>false</escapedJava>
</record>
<record>
  <date>2026-02-03T06:50:31.891964400Z</date>
  <millis>1770101431891</millis>
  <nanos>964400</nanos>
  <sequence>40</sequence>
  <level>START</level>
  <class>com.kms.katalon.core.logging.XmlKeywordLogger</class>
  <method>startKeyword</method>
  <thread>1</thread>
  <message>Start action : generatedEditedName = &amp;quot;Data-&amp;quot; + randomEditedName</message>
  <nestedLevel>1</nestedLevel>
  <escapedJava>false</escapedJava>
  <property name="startLine">70</property>
  <property name="stepIndex">11</property>
</record>
<record>
  <date>2026-02-03T06:50:31.899055300Z</date>
  <millis>1770101431899</millis>
  <nanos>55300</nanos>
  <sequence>41</sequence>
  <level>END</level>
  <class>com.kms.katalon.core.logging.XmlKeywordLogger</class>
  <method>endKeyword</method>
  <thread>1</thread>
  <message>End action : generatedEditedName = &amp;quot;Data-&amp;quot; + randomEditedName</message>
  <nestedLevel>1</nestedLevel>
  <escapedJava>false</escapedJava>
</record>
<record>
  <date>2026-02-03T06:50:31.899055300Z</date>
  <millis>1770101431899</millis>
  <nanos>55300</nanos>
  <sequence>42</sequence>
  <level>START</level>
  <class>com.kms.katalon.core.logging.XmlKeywordLogger</class>
  <method>startKeyword</method>
  <thread>1</thread>
  <message>Start action : generatedOver30Name = &amp;quot;Data-&amp;quot; + randomOver30Name</message>
  <nestedLevel>1</nestedLevel>
  <escapedJava>false</escapedJava>
  <property name="startLine">71</property>
  <property name="stepIndex">12</property>
</record>
<record>
  <date>2026-02-03T06:50:31.902096400Z</date>
  <millis>1770101431902</millis>
  <nanos>96400</nanos>
  <sequence>43</sequence>
  <level>END</level>
  <class>com.kms.katalon.core.logging.XmlKeywordLogger</class>
  <method>endKeyword</method>
  <thread>1</thread>
  <message>End action : generatedOver30Name = &amp;quot;Data-&amp;quot; + randomOver30Name</message>
  <nestedLevel>1</nestedLevel>
  <escapedJava>false</escapedJava>
</record>
<record>
  <date>2026-02-03T06:50:31.903106800Z</date>
  <millis>1770101431903</millis>
  <nanos>106800</nanos>
  <sequence>44</sequence>
  <level>START</level>
  <class>com.kms.katalon.core.logging.XmlKeywordLogger</class>
  <method>startKeyword</method>
  <thread>1</thread>
  <message>Start action : generatedOver60Name = &amp;quot;Data-&amp;quot; + randomOver60Name</message>
  <nestedLevel>1</nestedLevel>
  <escapedJava>false</escapedJava>
  <property name="startLine">72</property>
  <property name="stepIndex">13</property>
</record>
<record>
  <date>2026-02-03T06:50:31.906636500Z</date>
  <millis>1770101431906</millis>
  <nanos>636500</nanos>
  <sequence>45</sequence>
  <level>END</level>
  <class>com.kms.katalon.core.logging.XmlKeywordLogger</class>
  <method>endKeyword</method>
  <thread>1</thread>
  <message>End action : generatedOver60Name = &amp;quot;Data-&amp;quot; + randomOver60Name</message>
  <nestedLevel>1</nestedLevel>
  <escapedJava>false</escapedJava>
</record>
<record>
  <date>2026-02-03T06:50:31.906636500Z</date>
  <millis>1770101431906</millis>
  <nanos>636500</nanos>
  <sequence>46</sequence>
  <level>START</level>
  <class>com.kms.katalon.core.logging.XmlKeywordLogger</class>
  <method>startKeyword</method>
  <thread>1</thread>
  <message>Start action : generatedOver120Name = &amp;quot;Tes&amp;quot; + randomOver120Name</message>
  <nestedLevel>1</nestedLevel>
  <escapedJava>false</escapedJava>
  <property name="startLine">73</property>
  <property name="stepIndex">14</property>
</record>
<record>
  <date>2026-02-03T06:50:31.916017Z</date>
  <millis>1770101431916</millis>
  <nanos>17000</nanos>
  <sequence>47</sequence>
  <level>END</level>
  <class>com.kms.katalon.core.logging.XmlKeywordLogger</class>
  <method>endKeyword</method>
  <thread>1</thread>
  <message>End action : generatedOver120Name = &amp;quot;Tes&amp;quot; + randomOver120Name</message>
  <nestedLevel>1</nestedLevel>
  <escapedJava>false</escapedJava>
</record>
<record>
  <date>2026-02-03T06:50:31.917013800Z</date>
  <millis>1770101431917</millis>
  <nanos>13800</nanos>
  <sequence>48</sequence>
  <level>START</level>
  <class>com.kms.katalon.core.logging.XmlKeywordLogger</class>
  <method>startKeyword</method>
  <thread>1</thread>
  <message>Start action : println(&amp;quot;======================================================&amp;quot;)</message>
  <nestedLevel>1</nestedLevel>
  <escapedJava>false</escapedJava>
  <property name="startLine">37</property>
  <property name="stepIndex">3</property>
</record>
<record>
  <date>2026-02-03T06:50:31.923833400Z</date>
  <millis>1770101431923</millis>
  <nanos>833400</nanos>
  <sequence>49</sequence>
  <level>END</level>
  <class>com.kms.katalon.core.logging.XmlKeywordLogger</class>
  <method>endKeyword</method>
  <thread>1</thread>
  <message>End action : println(&amp;quot;======================================================&amp;quot;)</message>
  <nestedLevel>1</nestedLevel>
  <escapedJava>false</escapedJava>
</record>
<record>
  <date>2026-02-03T06:50:31.924837100Z</date>
  <millis>1770101431924</millis>
  <nanos>837100</nanos>
  <sequence>50</sequence>
  <level>START</level>
  <class>com.kms.katalon.core.logging.XmlKeywordLogger</class>
  <method>startKeyword</method>
  <thread>1</thread>
  <message>Start action : println(&amp;quot;RUNNING FROM TEST SUITE: Data di-generate sekali untuk semua TC.&amp;quot;)</message>
  <nestedLevel>1</nestedLevel>
  <escapedJava>false</escapedJava>
  <property name="startLine">38</property>
  <property name="stepIndex">4</property>
</record>
<record>
  <date>2026-02-03T06:50:31.931130400Z</date>
  <millis>1770101431931</millis>
  <nanos>130400</nanos>
  <sequence>51</sequence>
  <level>END</level>
  <class>com.kms.katalon.core.logging.XmlKeywordLogger</class>
  <method>endKeyword</method>
  <thread>1</thread>
  <message>End action : println(&amp;quot;RUNNING FROM TEST SUITE: Data di-generate sekali untuk semua TC.&amp;quot;)</message>
  <nestedLevel>1</nestedLevel>
  <escapedJava>false</escapedJava>
</record>
<record>
  <date>2026-02-03T06:50:31.932137100Z</date>
  <millis>1770101431932</millis>
  <nanos>137100</nanos>
  <sequence>52</sequence>
  <level>START</level>
  <class>com.kms.katalon.core.logging.XmlKeywordLogger</class>
  <method>startKeyword</method>
  <thread>1</thread>
  <message>Start action : println(&amp;quot;======================================================&amp;quot;)</message>
  <nestedLevel>1</nestedLevel>
  <escapedJava>false</escapedJava>
  <property name="startLine">39</property>
  <property name="stepIndex">5</property>
</record>
<record>
  <date>2026-02-03T06:50:31.933867Z</date>
  <millis>1770101431933</millis>
  <nanos>867000</nanos>
  <sequence>54</sequence>
  <level>END</level>
  <class>com.kms.katalon.core.logging.XmlKeywordLogger</class>
  <method>endKeyword</method>
  <thread>1</thread>
  <message>End action : println(&amp;quot;======================================================&amp;quot;)</message>
  <nestedLevel>1</nestedLevel>
  <escapedJava>false</escapedJava>
</record>
<record>
  <date>2026-02-03T06:50:31.933867Z</date>
  <millis>1770101431933</millis>
  <nanos>867000</nanos>
  <sequence>55</sequence>
  <level>END</level>
  <class>com.kms.katalon.core.logging.XmlKeywordLogger</class>
  <method>endKeyword</method>
  <thread>1</thread>
  <message>End listener action : setupCrudData</message>
  <nestedLevel>0</nestedLevel>
  <escapedJava>false</escapedJava>
</record>
<record>
  <date>2026-02-03T06:50:32.066476500Z</date>
  <millis>1770101432066</millis>
  <nanos>476500</nanos>
  <sequence>56</sequence>
  <level>START</level>
  <class>com.kms.katalon.core.logging.XmlKeywordLogger</class>
  <method>startTest</method>
  <thread>1</thread>
  <message>Start Test Case : Test Cases/Module - Auth/Positive/Login User</message>
  <nestedLevel>1</nestedLevel>
  <escapedJava>false</escapedJava>
  <property name="origin"></property>
  <property name="name">Test Cases/Module - Auth/Positive/Login User</property>
  <property name="description"></property>
  <property name="iteration"></property>
  <property name="id">Test Cases/Module - Auth/Positive/Login User</property>
  <property name="source">D:\ka\Test Cases\Module - Auth\Positive\Login User.tc</property>
  <property name="tag"></property>
  <property name="isOptional">false</property>
</record>
<record>
  <date>2026-02-03T06:50:32.113413800Z</date>
  <millis>1770101432113</millis>
  <nanos>413800</nanos>
  <sequence>58</sequence>
  <level>START</level>
  <class>com.kms.katalon.core.logging.XmlKeywordLogger</class>
  <method>startKeyword</method>
  <thread>1</thread>
  <message>Start listener action : setupNameData</message>
  <nestedLevel>1</nestedLevel>
  <escapedJava>false</escapedJava>
</record>
<record>
  <date>2026-02-03T06:50:32.115428800Z</date>
  <millis>1770101432115</millis>
  <nanos>428800</nanos>
  <sequence>60</sequence>
  <level>START</level>
  <class>com.kms.katalon.core.logging.XmlKeywordLogger</class>
  <method>startKeyword</method>
  <thread>1</thread>
  <message>Start action : if (!(isRunningFromSuite))</message>
  <nestedLevel>1</nestedLevel>
  <escapedJava>false</escapedJava>
  <property name="startLine">45</property>
  <property name="stepIndex">1</property>
</record>
<record>
  <date>2026-02-03T06:50:32.117413600Z</date>
  <millis>1770101432117</millis>
  <nanos>413600</nanos>
  <sequence>61</sequence>
  <level>END</level>
  <class>com.kms.katalon.core.logging.XmlKeywordLogger</class>
  <method>endKeyword</method>
  <thread>1</thread>
  <message>End action : if (!(isRunningFromSuite))</message>
  <nestedLevel>1</nestedLevel>
  <escapedJava>false</escapedJava>
</record>
<record>
  <date>2026-02-03T06:50:32.117413600Z</date>
  <millis>1770101432117</millis>
  <nanos>413600</nanos>
  <sequence>62</sequence>
  <level>START</level>
  <class>com.kms.katalon.core.logging.XmlKeywordLogger</class>
  <method>startKeyword</method>
  <thread>1</thread>
  <message>Start action : else</message>
  <nestedLevel>1</nestedLevel>
  <escapedJava>false</escapedJava>
  <property name="startLine">50</property>
  <property name="stepIndex">2</property>
</record>
<record>
  <date>2026-02-03T06:50:32.119412500Z</date>
  <millis>1770101432119</millis>
  <nanos>412500</nanos>
  <sequence>63</sequence>
  <level>START</level>
  <class>com.kms.katalon.core.logging.XmlKeywordLogger</class>
  <method>startKeyword</method>
  <thread>1</thread>
  <message>Start action : println(&amp;quot;SKIP GENERATE: Menggunakan data dari Test Suite Setup.&amp;quot;)</message>
  <nestedLevel>2</nestedLevel>
  <escapedJava>false</escapedJava>
  <property name="startLine">52</property>
  <property name="stepIndex">1</property>
</record>
<record>
  <date>2026-02-03T06:50:32.120415600Z</date>
  <millis>1770101432120</millis>
  <nanos>415600</nanos>
  <sequence>65</sequence>
  <level>END</level>
  <class>com.kms.katalon.core.logging.XmlKeywordLogger</class>
  <method>endKeyword</method>
  <thread>1</thread>
  <message>End action : println(&amp;quot;SKIP GENERATE: Menggunakan data dari Test Suite Setup.&amp;quot;)</message>
  <nestedLevel>2</nestedLevel>
  <escapedJava>false</escapedJava>
</record>
<record>
  <date>2026-02-03T06:50:32.120415600Z</date>
  <millis>1770101432120</millis>
  <nanos>415600</nanos>
  <sequence>66</sequence>
  <level>END</level>
  <class>com.kms.katalon.core.logging.XmlKeywordLogger</class>
  <method>endKeyword</method>
  <thread>1</thread>
  <message>End action : else</message>
  <nestedLevel>1</nestedLevel>
  <escapedJava>false</escapedJava>
</record>
<record>
  <date>2026-02-03T06:50:32.121625200Z</date>
  <millis>1770101432121</millis>
  <nanos>625200</nanos>
  <sequence>67</sequence>
  <level>END</level>
  <class>com.kms.katalon.core.logging.XmlKeywordLogger</class>
  <method>endKeyword</method>
  <thread>1</thread>
  <message>End listener action : setupNameData</message>
  <nestedLevel>1</nestedLevel>
  <escapedJava>false</escapedJava>
</record>
<record>
  <date>2026-02-03T06:50:32.222851600Z</date>
  <millis>1770101432222</millis>
  <nanos>851600</nanos>
  <sequence>68</sequence>
  <level>START</level>
  <class>com.kms.katalon.core.logging.XmlKeywordLogger</class>
  <method>startKeyword</method>
  <thread>1</thread>
  <message>Start action : openBrowser(Url)</message>
  <nestedLevel>1</nestedLevel>
  <escapedJava>false</escapedJava>
  <property name="startLine">20</property>
  <property name="stepIndex">1</property>
</record>
<record>
  <date>2026-02-03T06:50:32.539000800Z</date>
  <millis>1770101432539</millis>
  <nanos>800</nanos>
  <sequence>71</sequence>
  <level>INFO</level>
  <class>com.kms.katalon.core.logging.XmlKeywordLogger</class>
  <method>logMessage</method>
  <thread>1</thread>
  <message>Starting &amp;apos;Chrome&amp;apos; driver</message>
  <nestedLevel>1</nestedLevel>
  <escapedJava>false</escapedJava>
</record>
<record>
  <date>2026-02-03T06:50:32.634543600Z</date>
  <millis>1770101432634</millis>
  <nanos>543600</nanos>
  <sequence>72</sequence>
  <level>INFO</level>
  <class>com.kms.katalon.core.logging.XmlKeywordLogger</class>
  <method>logMessage</method>
  <thread>1</thread>
  <message>Action delay is set to 800 milliseconds</message>
  <nestedLevel>1</nestedLevel>
  <escapedJava>false</escapedJava>
</record>
<record>
  <date>2026-02-03T06:50:35.001323600Z</date>
  <millis>1770101435001</millis>
  <nanos>323600</nanos>
  <sequence>75</sequence>
  <level>RUN_DATA</level>
  <class>com.kms.katalon.core.logging.XmlKeywordLogger</class>
  <method>logMessage</method>
  <thread>1</thread>
  <message>sessionId = 3debdfa4bcab8bd837390e58e9b55454</message>
  <nestedLevel>1</nestedLevel>
  <escapedJava>false</escapedJava>
  <property name="sessionId">3debdfa4bcab8bd837390e58e9b55454</property>
</record>
<record>
  <date>2026-02-03T06:50:35.002842400Z</date>
  <millis>1770101435002</millis>
  <nanos>842400</nanos>
  <sequence>76</sequence>
  <level>RUN_DATA</level>
  <class>com.kms.katalon.core.logging.XmlKeywordLogger</class>
  <method>logMessage</method>
  <thread>1</thread>
  <message>browser = Chrome 144.0.7559.110</message>
  <nestedLevel>1</nestedLevel>
  <escapedJava>false</escapedJava>
  <property name="browser">Chrome 144.0.7559.110</property>
</record>
<record>
  <date>2026-02-03T06:50:35.002842400Z</date>
  <millis>1770101435002</millis>
  <nanos>842400</nanos>
  <sequence>77</sequence>
  <level>RUN_DATA</level>
  <class>com.kms.katalon.core.logging.XmlKeywordLogger</class>
  <method>logMessage</method>
  <thread>1</thread>
  <message>platform = Windows 11</message>
  <nestedLevel>1</nestedLevel>
  <escapedJava>false</escapedJava>
  <property name="platform">Windows 11</property>
</record>
<record>
  <date>2026-02-03T06:50:35.003844Z</date>
  <millis>1770101435003</millis>
  <nanos>844000</nanos>
  <sequence>78</sequence>
  <level>RUN_DATA</level>
  <class>com.kms.katalon.core.logging.XmlKeywordLogger</class>
  <method>logMessage</method>
  <thread>1</thread>
  <message>seleniumVersion = 4.34.0</message>
  <nestedLevel>1</nestedLevel>
  <escapedJava>false</escapedJava>
  <property name="seleniumVersion">4.34.0</property>
</record>
<record>
  <date>2026-02-03T06:50:35.018011800Z</date>
  <millis>1770101435018</millis>
  <nanos>11800</nanos>
  <sequence>79</sequence>
  <level>RUN_DATA</level>
  <class>com.kms.katalon.core.logging.XmlKeywordLogger</class>
  <method>logMessage</method>
  <thread>1</thread>
  <message>proxyInformation = ProxyInformation { proxyOption=NO_PROXY, proxyServerType=HTTP, username=, password=********, proxyServerAddress=, proxyServerPort=0, executionList=&amp;quot;&amp;quot;, isApplyToDesiredCapabilities=true }</message>
  <nestedLevel>1</nestedLevel>
  <escapedJava>false</escapedJava>
  <property name="proxyInformation">ProxyInformation { proxyOption=NO_PROXY, proxyServerType=HTTP, username=, password=********, proxyServerAddress=, proxyServerPort=0, executionList=&quot;&quot;, isApplyToDesiredCapabilities=true }</property>
</record>
<record>
  <date>2026-02-03T06:50:36.285911200Z</date>
  <millis>1770101436285</millis>
  <nanos>911200</nanos>
  <sequence>81</sequence>
  <level>PASSED</level>
  <class>com.kms.katalon.core.logging.XmlKeywordLogger</class>
  <method>logMessage</method>
  <thread>1</thread>
  <message>Browser is opened with url: &amp;apos;https://dev-app.tagsamurai.com/auth/login&amp;apos;</message>
  <nestedLevel>1</nestedLevel>
  <escapedJava>false</escapedJava>
  <property name="testops-method-name">com.kms.katalon.core.webui.keyword.builtin.OpenBrowserKeyword.openBrowser</property>
  <property name="testops-execution-stacktrace"></property>
</record>
<record>
  <date>2026-02-03T06:50:36.287912800Z</date>
  <millis>1770101436287</millis>
  <nanos>912800</nanos>
  <sequence>82</sequence>
  <level>END</level>
  <class>com.kms.katalon.core.logging.XmlKeywordLogger</class>
  <method>endKeyword</method>
  <thread>1</thread>
  <message>End action : openBrowser(Url)</message>
  <nestedLevel>1</nestedLevel>
  <escapedJava>false</escapedJava>
</record>
<record>
  <date>2026-02-03T06:50:36.288911500Z</date>
  <millis>1770101436288</millis>
  <nanos>911500</nanos>
  <sequence>83</sequence>
  <level>START</level>
  <class>com.kms.katalon.core.logging.XmlKeywordLogger</class>
  <method>startKeyword</method>
  <thread>1</thread>
  <message>Start action : maximizeWindow()</message>
  <nestedLevel>1</nestedLevel>
  <escapedJava>false</escapedJava>
  <property name="startLine">22</property>
  <property name="stepIndex">2</property>
</record>
<record>
  <date>2026-02-03T06:50:36.411487300Z</date>
  <millis>1770101436411</millis>
  <nanos>487300</nanos>
  <sequence>86</sequence>
  <level>PASSED</level>
  <class>com.kms.katalon.core.logging.XmlKeywordLogger</class>
  <method>logMessage</method>
  <thread>1</thread>
  <message>Current window maximized</message>
  <nestedLevel>1</nestedLevel>
  <escapedJava>false</escapedJava>
  <property name="testops-method-name">com.kms.katalon.core.webui.keyword.builtin.MaximizeWindowKeyword.maximizeWindow</property>
  <property name="testops-execution-stacktrace"></property>
</record>
<record>
  <date>2026-02-03T06:50:36.413001700Z</date>
  <millis>1770101436413</millis>
  <nanos>1700</nanos>
  <sequence>87</sequence>
  <level>END</level>
  <class>com.kms.katalon.core.logging.XmlKeywordLogger</class>
  <method>endKeyword</method>
  <thread>1</thread>
  <message>End action : maximizeWindow()</message>
  <nestedLevel>1</nestedLevel>
  <escapedJava>false</escapedJava>
</record>
<record>
  <date>2026-02-03T06:50:36.413001700Z</date>
  <millis>1770101436413</millis>
  <nanos>1700</nanos>
  <sequence>88</sequence>
  <level>START</level>
  <class>com.kms.katalon.core.logging.XmlKeywordLogger</class>
  <method>startKeyword</method>
  <thread>1</thread>
  <message>Start action : setText(findTestObject(&amp;quot;login session object/Input - Email&amp;quot;), Email)</message>
  <nestedLevel>1</nestedLevel>
  <escapedJava>false</escapedJava>
  <property name="startLine">24</property>
  <property name="stepIndex">3</property>
</record>
<record>
  <date>2026-02-03T06:51:06.907942600Z</date>
  <millis>1770101466907</millis>
  <nanos>942600</nanos>
  <sequence>99</sequence>
  <level>FAILED</level>
  <class>com.kms.katalon.core.logging.XmlKeywordLogger</class>
  <method>logMessage</method>
  <thread>1</thread>
  <message>Unable to set text &amp;apos;user25comp3dev@qwertysystem.net&amp;apos; of object &amp;apos;Object Repository/login session object/Input - Email&amp;apos; (Root cause: com.kms.katalon.core.exception.StepFailedException: Unable to set text &amp;apos;user25comp3dev@qwertysystem.net&amp;apos; of object &amp;apos;Object Repository/login session object/Input - Email&amp;apos;
	at com.kms.katalon.core.webui.keyword.internal.WebUIKeywordMain.stepFailed(WebUIKeywordMain.groovy:177)
	at com.kms.katalon.core.webui.keyword.internal.WebUIKeywordMain.runKeyword(WebUIKeywordMain.groovy:49)
	at com.kms.katalon.core.webui.keyword.internal.WebUIKeywordMain.runKeywordUntilTimeout(WebUIKeywordMain.groovy:133)
	at com.kms.katalon.core.webui.keyword.builtin.SetTextKeyword.setText(SetTextKeyword.groovy:106)
	at com.kms.katalon.core.webui.keyword.builtin.SetTextKeyword.execute(SetTextKeyword.groovy:49)
	at com.kms.katalon.core.keyword.internal.KeywordExecutor.executeKeywordForPlatform(KeywordExecutor.groovy:89)
	at com.kms.katalon.core.webui.keyword.WebUiBuiltInKeywords.setText(WebUiBuiltInKeywords.groovy:1081)
	at Login User.run(Login User:24)
	at com.kms.katalon.core.main.ScriptEngine.run(ScriptEngine.java:194)
	at com.kms.katalon.core.main.ScriptEngine.runScriptAsRawText(ScriptEngine.java:119)
	at com.kms.katalon.core.main.TestCaseExecutor.runScript(TestCaseExecutor.java:486)
	at com.kms.katalon.core.main.TestCaseExecutor.doExecute(TestCaseExecutor.java:477)
	at com.kms.katalon.core.main.TestCaseExecutor.processExecutionPhase(TestCaseExecutor.java:456)
	at com.kms.katalon.core.main.TestCaseExecutor.accessMainPhase(TestCaseExecutor.java:448)
	at com.kms.katalon.core.main.TestCaseExecutor.execute(TestCaseExecutor.java:322)
	at com.kms.katalon.core.common.CommonExecutor.accessTestCaseMainPhase(CommonExecutor.java:71)
	at com.kms.katalon.core.main.TestSuiteExecutor.accessTestSuiteMainPhase(TestSuiteExecutor.java:145)
	at com.kms.katalon.core.main.TestSuiteExecutor.execute(TestSuiteExecutor.java:104)
	at com.kms.katalon.core.main.TestCaseMain.startTestSuite(TestCaseMain.java:205)
	at TempTestSuite1770101415776.run(TempTestSuite1770101415776.groovy:35)
	at java.base/jdk.internal.reflect.NativeMethodAccessorImpl.invoke0(Native Method)
	at java.base/jdk.internal.reflect.NativeMethodAccessorImpl.invoke(NativeMethodAccessorImpl.java:77)
	at java.base/jdk.internal.reflect.DelegatingMethodAccessorImpl.invoke(DelegatingMethodAccessorImpl.java:43)
Caused by: com.kms.katalon.core.webui.exception.WebElementNotFoundException: Web element with id: &amp;apos;Object Repository/login session object/Input - Email&amp;apos; located by &amp;apos;By.xpath: //input[@placeholder = &amp;apos;Enter your email&amp;apos;]&amp;apos; not found
	at com.kms.katalon.core.webui.model.WebUiElementFinder.findElementByNormalMethods(WebUiElementFinder.java:193)
	at com.kms.katalon.core.webui.model.WebUiElementFinder.findElementsBySelectedMethod(WebUiElementFinder.java:91)
	at com.kms.katalon.core.webui.model.WebUiElementFinder.findElementsBySelectedMethod(WebUiElementFinder.java:74)
	at com.kms.katalon.core.webui.model.WebUiElementFinder.findElementsBySelectedMethod(WebUiElementFinder.java:69)
	at com.kms.katalon.core.webui.model.WebUiElementFinder.findElement(WebUiElementFinder.java:43)
	at com.kms.katalon.core.webui.model.WebUiElementFinderWithTimeout.basicFindElement(WebUiElementFinderWithTimeout.java:50)
	at com.kms.katalon.core.webui.model.WebUiElementFinderWithTimeout.lambda$0(WebUiElementFinderWithTimeout.java:29)
	at com.kms.katalon.core.webui.model.SeleniumActionRetryController.performAction(SeleniumActionRetryController.java:96)
	at com.kms.katalon.core.webui.model.SeleniumActionRetryController.performAction(SeleniumActionRetryController.java:83)
	at com.kms.katalon.core.webui.model.WebUiElementFinderWithTimeout.findElement(WebUiElementFinderWithTimeout.java:28)
	at com.kms.katalon.core.webui.keyword.internal.WebUIAbstractKeyword.findWebElement(WebUIAbstractKeyword.groovy:96)
	at com.kms.katalon.core.webui.keyword.builtin.SetTextKeyword$_setText_closure1.doCall(SetTextKeyword.groovy:67)
	at java.base/jdk.internal.reflect.NativeMethodAccessorImpl.invoke0(Native Method)
	at java.base/jdk.internal.reflect.NativeMethodAccessorImpl.invoke(NativeMethodAccessorImpl.java:77)
	at java.base/jdk.internal.reflect.DelegatingMethodAccessorImpl.invoke(DelegatingMethodAccessorImpl.java:43)
	at jdk.proxy2/jdk.proxy2.$Proxy48.execute(Unknown Source)
	at com.kms.katalon.core.webui.model.SeleniumActionRetryController.performAction(SeleniumActionRetryController.java:96)
	at com.kms.katalon.core.webui.model.SeleniumActionRetryController.performAction(SeleniumActionRetryController.java:83)
	at com.kms.katalon.core.webui.keyword.internal.WebUIKeywordMain$_runKeywordUntilTimeout_closure1.doCall(WebUIKeywordMain.groovy:135)
	at com.kms.katalon.core.webui.keyword.internal.WebUIKeywordMain$_runKeywordUntilTimeout_closure1.call(WebUIKeywordMain.groovy)
	at com.kms.katalon.core.webui.keyword.internal.WebUIKeywordMain.runKeyword(WebUIKeywordMain.groovy:41)
	at com.kms.katalon.core.webui.keyword.internal.WebUIKeywordMain.runKeywordUntilTimeout(WebUIKeywordMain.groovy:133)
	at com.kms.katalon.core.webui.keyword.builtin.SetTextKeyword.setText(SetTextKeyword.groovy:106)
	at com.kms.katalon.core.webui.keyword.builtin.SetTextKeyword.execute(SetTextKeyword.groovy:49)
	at com.kms.katalon.core.keyword.internal.KeywordExecutor.executeKeywordForPlatform(KeywordExecutor.groovy:89)
	at com.kms.katalon.core.webui.keyword.WebUiBuiltInKeywords.setText(WebUiBuiltInKeywords.groovy:1081)
	at Script1756265950346.run(Script1756265950346.groovy:24)
	... 15 more
)</message>
  <nestedLevel>1</nestedLevel>
  <escapedJava>false</escapedJava>
  <property name="failed.exception.class">com.kms.katalon.core.webui.exception.WebElementNotFoundException</property>
  <property name="attachment">1770101466790.png</property>
  <property name="failed.exception.stacktrace">com.kms.katalon.core.webui.exception.WebElementNotFoundException: Web element with id: &apos;Object Repository/login session object/Input - Email&apos; located by &apos;By.xpath: //input[@placeholder = &apos;Enter your email&apos;]&apos; not found
	at com.kms.katalon.core.webui.model.WebUiElementFinder.findElementByNormalMethods(WebUiElementFinder.java:193)
	at com.kms.katalon.core.webui.model.WebUiElementFinder.findElementsBySelectedMethod(WebUiElementFinder.java:91)
	at com.kms.katalon.core.webui.model.WebUiElementFinder.findElementsBySelectedMethod(WebUiElementFinder.java:74)
	at com.kms.katalon.core.webui.model.WebUiElementFinder.findElementsBySelectedMethod(WebUiElementFinder.java:69)
	at com.kms.katalon.core.webui.model.WebUiElementFinder.findElement(WebUiElementFinder.java:43)
	at com.kms.katalon.core.webui.model.WebUiElementFinderWithTimeout.basicFindElement(WebUiElementFinderWithTimeout.java:50)
	at com.kms.katalon.core.webui.model.WebUiElementFinderWithTimeout.lambda$0(WebUiElementFinderWithTimeout.java:29)
	at com.kms.katalon.core.webui.model.SeleniumActionRetryController.performAction(SeleniumActionRetryController.java:96)
	at com.kms.katalon.core.webui.model.SeleniumActionRetryController.performAction(SeleniumActionRetryController.java:83)
	at com.kms.katalon.core.webui.model.WebUiElementFinderWithTimeout.findElement(WebUiElementFinderWithTimeout.java:28)
	at com.kms.katalon.core.webui.keyword.internal.WebUIAbstractKeyword.findWebElement(WebUIAbstractKeyword.groovy:96)
	at com.kms.katalon.core.webui.keyword.builtin.SetTextKeyword$_setText_closure1.doCall(SetTextKeyword.groovy:67)
	at java.base/jdk.internal.reflect.NativeMethodAccessorImpl.invoke0(Native Method)
	at java.base/jdk.internal.reflect.NativeMethodAccessorImpl.invoke(NativeMethodAccessorImpl.java:77)
	at java.base/jdk.internal.reflect.DelegatingMethodAccessorImpl.invoke(DelegatingMethodAccessorImpl.java:43)
	at jdk.proxy2/jdk.proxy2.$Proxy48.execute(Unknown Source)
	at com.kms.katalon.core.webui.model.SeleniumActionRetryController.performAction(SeleniumActionRetryController.java:96)
	at com.kms.katalon.core.webui.model.SeleniumActionRetryController.performAction(SeleniumActionRetryController.java:83)
	at com.kms.katalon.core.webui.keyword.internal.WebUIKeywordMain$_runKeywordUntilTimeout_closure1.doCall(WebUIKeywordMain.groovy:135)
	at com.kms.katalon.core.webui.keyword.internal.WebUIKeywordMain$_runKeywordUntilTimeout_closure1.call(WebUIKeywordMain.groovy)
	at com.kms.katalon.core.webui.keyword.internal.WebUIKeywordMain.runKeyword(WebUIKeywordMain.groovy:41)
	at com.kms.katalon.core.webui.keyword.internal.WebUIKeywordMain.runKeywordUntilTimeout(WebUIKeywordMain.groovy:133)
	at com.kms.katalon.core.webui.keyword.builtin.SetTextKeyword.setText(SetTextKeyword.groovy:106)
	at com.kms.katalon.core.webui.keyword.builtin.SetTextKeyword.execute(SetTextKeyword.groovy:49)
	at com.kms.katalon.core.keyword.internal.KeywordExecutor.executeKeywordForPlatform(KeywordExecutor.groovy:89)
	at com.kms.katalon.core.webui.keyword.WebUiBuiltInKeywords.setText(WebUiBuiltInKeywords.groovy:1081)
	at Login User.run(Login User:24)
	at com.kms.katalon.core.main.ScriptEngine.run(ScriptEngine.java:194)
	at com.kms.katalon.core.main.ScriptEngine.runScriptAsRawText(ScriptEngine.java:119)
	at com.kms.katalon.core.main.TestCaseExecutor.runScript(TestCaseExecutor.java:486)
	at com.kms.katalon.core.main.TestCaseExecutor.doExecute(TestCaseExecutor.java:477)
	at com.kms.katalon.core.main.TestCaseExecutor.processExecutionPhase(TestCaseExecutor.java:456)
	at com.kms.katalon.core.main.TestCaseExecutor.accessMainPhase(TestCaseExecutor.java:448)
	at com.kms.katalon.core.main.TestCaseExecutor.execute(TestCaseExecutor.java:322)
	at com.kms.katalon.core.common.CommonExecutor.accessTestCaseMainPhase(CommonExecutor.java:71)
	at com.kms.katalon.core.main.TestSuiteExecutor.accessTestSuiteMainPhase(TestSuiteExecutor.java:145)
	at com.kms.katalon.core.main.TestSuiteExecutor.execute(TestSuiteExecutor.java:104)
	at com.kms.katalon.core.main.TestCaseMain.startTestSuite(TestCaseMain.java:205)
	at TempTestSuite1770101415776.run(TempTestSuite1770101415776.groovy:35)
	at java.base/jdk.internal.reflect.NativeMethodAccessorImpl.invoke0(Native Method)
	at java.base/jdk.internal.reflect.NativeMethodAccessorImpl.invoke(NativeMethodAccessorImpl.java:77)
	at java.base/jdk.internal.reflect.DelegatingMethodAccessorImpl.invoke(DelegatingMethodAccessorImpl.java:43)
</property>
  <property name="failed.exception.message">Web element with id: &apos;Object Repository/login session object/Input - Email&apos; located by &apos;By.xpath: //input[@placeholder = &apos;Enter your email&apos;]&apos; not found</property>
</record>
<record>
  <date>2026-02-03T06:51:06.912488100Z</date>
  <millis>1770101466912</millis>
  <nanos>488100</nanos>
  <sequence>102</sequence>
  <level>END</level>
  <class>com.kms.katalon.core.logging.XmlKeywordLogger</class>
  <method>endKeyword</method>
  <thread>1</thread>
  <message>End action : setText(findTestObject(&amp;quot;login session object/Input - Email&amp;quot;), Email)</message>
  <nestedLevel>1</nestedLevel>
  <escapedJava>false</escapedJava>
</record>
<record>
  <date>2026-02-03T06:51:06.913498Z</date>
  <millis>1770101466913</millis>
  <nanos>498000</nanos>
  <sequence>105</sequence>
  <level>FAILED</level>
  <class>com.kms.katalon.core.logging.XmlKeywordLogger</class>
  <method>logMessage</method>
  <thread>1</thread>
  <message>Test Cases/Module - Auth/Positive/Login User FAILED.
Reason:
com.kms.katalon.core.exception.StepFailedException: Unable to set text &amp;apos;user25comp3dev@qwertysystem.net&amp;apos; of object &amp;apos;Object Repository/login session object/Input - Email&amp;apos;
	at com.kms.katalon.core.webui.keyword.internal.WebUIKeywordMain.stepFailed(WebUIKeywordMain.groovy:177)
	at com.kms.katalon.core.webui.keyword.internal.WebUIKeywordMain.runKeyword(WebUIKeywordMain.groovy:49)
	at com.kms.katalon.core.webui.keyword.internal.WebUIKeywordMain.runKeywordUntilTimeout(WebUIKeywordMain.groovy:133)
	at com.kms.katalon.core.webui.keyword.builtin.SetTextKeyword.setText(SetTextKeyword.groovy:106)
	at com.kms.katalon.core.webui.keyword.builtin.SetTextKeyword.execute(SetTextKeyword.groovy:49)
	at com.kms.katalon.core.keyword.internal.KeywordExecutor.executeKeywordForPlatform(KeywordExecutor.groovy:89)
	at com.kms.katalon.core.webui.keyword.WebUiBuiltInKeywords.setText(WebUiBuiltInKeywords.groovy:1081)
	at Login User.run(Login User:24)
	at com.kms.katalon.core.main.ScriptEngine.run(ScriptEngine.java:194)
	at com.kms.katalon.core.main.ScriptEngine.runScriptAsRawText(ScriptEngine.java:119)
	at com.kms.katalon.core.main.TestCaseExecutor.runScript(TestCaseExecutor.java:486)
	at com.kms.katalon.core.main.TestCaseExecutor.doExecute(TestCaseExecutor.java:477)
	at com.kms.katalon.core.main.TestCaseExecutor.processExecutionPhase(TestCaseExecutor.java:456)
	at com.kms.katalon.core.main.TestCaseExecutor.accessMainPhase(TestCaseExecutor.java:448)
	at com.kms.katalon.core.main.TestCaseExecutor.execute(TestCaseExecutor.java:322)
	at com.kms.katalon.core.common.CommonExecutor.accessTestCaseMainPhase(CommonExecutor.java:71)
	at com.kms.katalon.core.main.TestSuiteExecutor.accessTestSuiteMainPhase(TestSuiteExecutor.java:145)
	at com.kms.katalon.core.main.TestSuiteExecutor.execute(TestSuiteExecutor.java:104)
	at com.kms.katalon.core.main.TestCaseMain.startTestSuite(TestCaseMain.java:205)
	at TempTestSuite1770101415776.run(TempTestSuite1770101415776.groovy:35)
	at java.base/jdk.internal.reflect.NativeMethodAccessorImpl.invoke0(Native Method)
	at java.base/jdk.internal.reflect.NativeMethodAccessorImpl.invoke(NativeMethodAccessorImpl.java:77)
	at java.base/jdk.internal.reflect.DelegatingMethodAccessorImpl.invoke(DelegatingMethodAccessorImpl.java:43)
Caused by: com.kms.katalon.core.webui.exception.WebElementNotFoundException: Web element with id: &amp;apos;Object Repository/login session object/Input - Email&amp;apos; located by &amp;apos;By.xpath: //input[@placeholder = &amp;apos;Enter your email&amp;apos;]&amp;apos; not found
	at com.kms.katalon.core.webui.model.WebUiElementFinder.findElementByNormalMethods(WebUiElementFinder.java:193)
	at com.kms.katalon.core.webui.model.WebUiElementFinder.findElementsBySelectedMethod(WebUiElementFinder.java:91)
	at com.kms.katalon.core.webui.model.WebUiElementFinder.findElementsBySelectedMethod(WebUiElementFinder.java:74)
	at com.kms.katalon.core.webui.model.WebUiElementFinder.findElementsBySelectedMethod(WebUiElementFinder.java:69)
	at com.kms.katalon.core.webui.model.WebUiElementFinder.findElement(WebUiElementFinder.java:43)
	at com.kms.katalon.core.webui.model.WebUiElementFinderWithTimeout.basicFindElement(WebUiElementFinderWithTimeout.java:50)
	at com.kms.katalon.core.webui.model.WebUiElementFinderWithTimeout.lambda$0(WebUiElementFinderWithTimeout.java:29)
	at com.kms.katalon.core.webui.model.SeleniumActionRetryController.performAction(SeleniumActionRetryController.java:96)
	at com.kms.katalon.core.webui.model.SeleniumActionRetryController.performAction(SeleniumActionRetryController.java:83)
	at com.kms.katalon.core.webui.model.WebUiElementFinderWithTimeout.findElement(WebUiElementFinderWithTimeout.java:28)
	at com.kms.katalon.core.webui.keyword.internal.WebUIAbstractKeyword.findWebElement(WebUIAbstractKeyword.groovy:96)
	at com.kms.katalon.core.webui.keyword.builtin.SetTextKeyword$_setText_closure1.doCall(SetTextKeyword.groovy:67)
	at java.base/jdk.internal.reflect.NativeMethodAccessorImpl.invoke0(Native Method)
	at java.base/jdk.internal.reflect.NativeMethodAccessorImpl.invoke(NativeMethodAccessorImpl.java:77)
	at java.base/jdk.internal.reflect.DelegatingMethodAccessorImpl.invoke(DelegatingMethodAccessorImpl.java:43)
	at jdk.proxy2/jdk.proxy2.$Proxy48.execute(Unknown Source)
	at com.kms.katalon.core.webui.model.SeleniumActionRetryController.performAction(SeleniumActionRetryController.java:96)
	at com.kms.katalon.core.webui.model.SeleniumActionRetryController.performAction(SeleniumActionRetryController.java:83)
	at com.kms.katalon.core.webui.keyword.internal.WebUIKeywordMain$_runKeywordUntilTimeout_closure1.doCall(WebUIKeywordMain.groovy:135)
	at com.kms.katalon.core.webui.keyword.internal.WebUIKeywordMain$_runKeywordUntilTimeout_closure1.call(WebUIKeywordMain.groovy)
	at com.kms.katalon.core.webui.keyword.internal.WebUIKeywordMain.runKeyword(WebUIKeywordMain.groovy:41)
	... 21 more
</message>
  <exception>
    <message>com.kms.katalon.core.exception.StepFailedException: Unable to set text 'user25comp3dev@qwertysystem.net' of object 'Object Repository/login session object/Input - Email'</message>
    <frame>
      <class>com.kms.katalon.core.logging.XmlKeywordLogger</class>
      <method>logMessage</method>
      <line>512</line>
    </frame>
    <frame>
      <class>com.kms.katalon.core.logging.KeywordLogger</class>
      <method>logMessage</method>
      <line>447</line>
    </frame>
    <frame>
      <class>com.kms.katalon.core.main.TestCaseExecutor</class>
      <method>logError</method>
      <line>595</line>
    </frame>
    <frame>
      <class>com.kms.katalon.core.main.TestCaseExecutor</class>
      <method>onExecutionError</method>
      <line>187</line>
    </frame>
    <frame>
      <class>com.kms.katalon.core.main.TestCaseExecutor</class>
      <method>processExecutionPhase</method>
      <line>466</line>
    </frame>
    <frame>
      <class>com.kms.katalon.core.main.TestCaseExecutor</class>
      <method>accessMainPhase</method>
      <line>448</line>
    </frame>
    <frame>
      <class>com.kms.katalon.core.main.TestCaseExecutor</class>
      <method>execute</method>
      <line>322</line>
    </frame>
    <frame>
      <class>com.kms.katalon.core.common.CommonExecutor</class>
      <method>accessTestCaseMainPhase</method>
      <line>71</line>
    </frame>
    <frame>
      <class>com.kms.katalon.core.main.TestSuiteExecutor</class>
      <method>accessTestSuiteMainPhase</method>
      <line>145</line>
    </frame>
    <frame>
      <class>com.kms.katalon.core.main.TestSuiteExecutor</class>
      <method>execute</method>
      <line>104</line>
    </frame>
    <frame>
      <class>com.kms.katalon.core.main.TestCaseMain</class>
      <method>startTestSuite</method>
      <line>205</line>
    </frame>
    <frame>
      <class>org.codehaus.groovy.vmplugin.v8.IndyInterface</class>
      <method>fromCache</method>
      <line>318</line>
    </frame>
    <frame>
      <class>TempTestSuite1770101415776</class>
      <method>run</method>
      <line>35</line>
    </frame>
    <frame>
      <class>groovy.lang.GroovyShell</class>
      <method>runScriptOrMainOrTestOrRunnable</method>
      <line>254</line>
    </frame>
    <frame>
      <class>groovy.lang.GroovyShell</class>
      <method>run</method>
      <line>360</line>
    </frame>
    <frame>
      <class>groovy.lang.GroovyShell</class>
      <method>run</method>
      <line>349</line>
    </frame>
    <frame>
      <class>groovy.ui.GroovyMain</class>
      <method>processOnce</method>
      <line>652</line>
    </frame>
    <frame>
      <class>groovy.ui.GroovyMain</class>
      <method>run</method>
      <line>398</line>
    </frame>
    <frame>
      <class>groovy.ui.GroovyMain</class>
      <method>access$1400</method>
      <line>68</line>
    </frame>
    <frame>
      <class>groovy.ui.GroovyMain$GroovyCommand</class>
      <method>process</method>
      <line>322</line>
    </frame>
    <frame>
      <class>groovy.ui.GroovyMain</class>
      <method>processArgs</method>
      <line>142</line>
    </frame>
    <frame>
      <class>groovy.ui.GroovyMain</class>
      <method>main</method>
      <line>115</line>
    </frame>
    <frame>
      <class>jdk.internal.reflect.NativeMethodAccessorImpl</class>
      <method>invoke0</method>
    </frame>
    <frame>
      <class>jdk.internal.reflect.NativeMethodAccessorImpl</class>
      <method>invoke</method>
      <line>77</line>
    </frame>
    <frame>
      <class>jdk.internal.reflect.DelegatingMethodAccessorImpl</class>
      <method>invoke</method>
      <line>43</line>
    </frame>
    <frame>
      <class>java.lang.reflect.Method</class>
      <method>invoke</method>
      <line>569</line>
    </frame>
    <frame>
      <class>org.codehaus.groovy.tools.GroovyStarter</class>
      <method>rootLoader</method>
      <line>117</line>
    </frame>
    <frame>
      <class>org.codehaus.groovy.tools.GroovyStarter</class>
      <method>main</method>
      <line>39</line>
    </frame>
  </exception>
  <nestedLevel>0</nestedLevel>
  <escapedJava>false</escapedJava>
  <property name="failed.exception.stacktrace">com.kms.katalon.core.webui.exception.WebElementNotFoundException: Web element with id: &apos;Object Repository/login session object/Input - Email&apos; located by &apos;By.xpath: //input[@placeholder = &apos;Enter your email&apos;]&apos; not found
	at com.kms.katalon.core.webui.model.WebUiElementFinder.findElementByNormalMethods(WebUiElementFinder.java:193)
	at com.kms.katalon.core.webui.model.WebUiElementFinder.findElementsBySelectedMethod(WebUiElementFinder.java:91)
	at com.kms.katalon.core.webui.model.WebUiElementFinder.findElementsBySelectedMethod(WebUiElementFinder.java:74)
	at com.kms.katalon.core.webui.model.WebUiElementFinder.findElementsBySelectedMethod(WebUiElementFinder.java:69)
	at com.kms.katalon.core.webui.model.WebUiElementFinder.findElement(WebUiElementFinder.java:43)
	at com.kms.katalon.core.webui.model.WebUiElementFinderWithTimeout.basicFindElement(WebUiElementFinderWithTimeout.java:50)
	at com.kms.katalon.core.webui.model.WebUiElementFinderWithTimeout.lambda$0(WebUiElementFinderWithTimeout.java:29)
	at com.kms.katalon.core.webui.model.SeleniumActionRetryController.performAction(SeleniumActionRetryController.java:96)
	at com.kms.katalon.core.webui.model.SeleniumActionRetryController.performAction(SeleniumActionRetryController.java:83)
	at com.kms.katalon.core.webui.model.WebUiElementFinderWithTimeout.findElement(WebUiElementFinderWithTimeout.java:28)
	at com.kms.katalon.core.webui.keyword.internal.WebUIAbstractKeyword.findWebElement(WebUIAbstractKeyword.groovy:96)
	at com.kms.katalon.core.webui.keyword.builtin.SetTextKeyword$_setText_closure1.doCall(SetTextKeyword.groovy:67)
	at java.base/jdk.internal.reflect.NativeMethodAccessorImpl.invoke0(Native Method)
	at java.base/jdk.internal.reflect.NativeMethodAccessorImpl.invoke(NativeMethodAccessorImpl.java:77)
	at java.base/jdk.internal.reflect.DelegatingMethodAccessorImpl.invoke(DelegatingMethodAccessorImpl.java:43)
	at jdk.proxy2/jdk.proxy2.$Proxy48.execute(Unknown Source)
	at com.kms.katalon.core.webui.model.SeleniumActionRetryController.performAction(SeleniumActionRetryController.java:96)
	at com.kms.katalon.core.webui.model.SeleniumActionRetryController.performAction(SeleniumActionRetryController.java:83)
	at com.kms.katalon.core.webui.keyword.internal.WebUIKeywordMain$_runKeywordUntilTimeout_closure1.doCall(WebUIKeywordMain.groovy:135)
	at com.kms.katalon.core.webui.keyword.internal.WebUIKeywordMain$_runKeywordUntilTimeout_closure1.call(WebUIKeywordMain.groovy)
	at com.kms.katalon.core.webui.keyword.internal.WebUIKeywordMain.runKeyword(WebUIKeywordMain.groovy:41)
	at com.kms.katalon.core.webui.keyword.internal.WebUIKeywordMain.runKeywordUntilTimeout(WebUIKeywordMain.groovy:133)
	at com.kms.katalon.core.webui.keyword.builtin.SetTextKeyword.setText(SetTextKeyword.groovy:106)
	at com.kms.katalon.core.webui.keyword.builtin.SetTextKeyword.execute(SetTextKeyword.groovy:49)
	at com.kms.katalon.core.keyword.internal.KeywordExecutor.executeKeywordForPlatform(KeywordExecutor.groovy:89)
	at com.kms.katalon.core.webui.keyword.WebUiBuiltInKeywords.setText(WebUiBuiltInKeywords.groovy:1081)
	at Login User.run(Login User:24)
	at com.kms.katalon.core.main.ScriptEngine.run(ScriptEngine.java:194)
	at com.kms.katalon.core.main.ScriptEngine.runScriptAsRawText(ScriptEngine.java:119)
	at com.kms.katalon.core.main.TestCaseExecutor.runScript(TestCaseExecutor.java:486)
	at com.kms.katalon.core.main.TestCaseExecutor.doExecute(TestCaseExecutor.java:477)
	at com.kms.katalon.core.main.TestCaseExecutor.processExecutionPhase(TestCaseExecutor.java:456)
	at com.kms.katalon.core.main.TestCaseExecutor.accessMainPhase(TestCaseExecutor.java:448)
	at com.kms.katalon.core.main.TestCaseExecutor.execute(TestCaseExecutor.java:322)
	at com.kms.katalon.core.common.CommonExecutor.accessTestCaseMainPhase(CommonExecutor.java:71)
	at com.kms.katalon.core.main.TestSuiteExecutor.accessTestSuiteMainPhase(TestSuiteExecutor.java:145)
	at com.kms.katalon.core.main.TestSuiteExecutor.execute(TestSuiteExecutor.java:104)
	at com.kms.katalon.core.main.TestCaseMain.startTestSuite(TestCaseMain.java:205)
	at TempTestSuite1770101415776.run(TempTestSuite1770101415776.groovy:35)
	at java.base/jdk.internal.reflect.NativeMethodAccessorImpl.invoke0(Native Method)
	at java.base/jdk.internal.reflect.NativeMethodAccessorImpl.invoke(NativeMethodAccessorImpl.java:77)
	at java.base/jdk.internal.reflect.DelegatingMethodAccessorImpl.invoke(DelegatingMethodAccessorImpl.java:43)
</property>
  <property name="failed.exception.class">com.kms.katalon.core.webui.exception.WebElementNotFoundException</property>
  <property name="failed.exception.message">Web element with id: &apos;Object Repository/login session object/Input - Email&apos; located by &apos;By.xpath: //input[@placeholder = &apos;Enter your email&apos;]&apos; not found</property>
</record>
<record>
  <date>2026-02-03T06:51:06.917118400Z</date>
  <millis>1770101466917</millis>
  <nanos>118400</nanos>
  <sequence>107</sequence>
  <level>END</level>
  <class>com.kms.katalon.core.logging.XmlKeywordLogger</class>
  <method>endTest</method>
  <thread>1</thread>
  <message>End Test Case : Test Cases/Module - Auth/Positive/Login User</message>
  <nestedLevel>0</nestedLevel>
  <escapedJava>false</escapedJava>
  <property name="executionBindingVariables">[]</property>
  <property name="applitools">false</property>
  <property name="keywordsUsage">{
  &quot;web_ui&quot;: true,
  &quot;web_service&quot;: false,
  &quot;cucumber&quot;: false,
  &quot;builtin&quot;: false,
  &quot;mobile&quot;: false,
  &quot;windows&quot;: false,
  &quot;testng&quot;: false
}</property>
</record>
<record>
  <date>2026-02-03T06:51:06.934947900Z</date>
  <millis>1770101466934</millis>
  <nanos>947900</nanos>
  <sequence>108</sequence>
  <level>START</level>
  <class>com.kms.katalon.core.logging.XmlKeywordLogger</class>
  <method>startTest</method>
  <thread>1</thread>
  <message>Start Test Case : Test Cases/Click - Fixed Asset Button</message>
  <nestedLevel>1</nestedLevel>
  <escapedJava>false</escapedJava>
  <property name="origin"></property>
  <property name="name">Test Cases/Click - Fixed Asset Button</property>
  <property name="description"></property>
  <property name="iteration"></property>
  <property name="id">Test Cases/Click - Fixed Asset Button</property>
  <property name="source">D:\ka\Test Cases\Click - Fixed Asset Button.tc</property>
  <property name="tag"></property>
  <property name="isOptional">false</property>
</record>
<record>
  <date>2026-02-03T06:51:06.950461200Z</date>
  <millis>1770101466950</millis>
  <nanos>461200</nanos>
  <sequence>110</sequence>
  <level>START</level>
  <class>com.kms.katalon.core.logging.XmlKeywordLogger</class>
  <method>startKeyword</method>
  <thread>1</thread>
  <message>Start listener action : setupNameData</message>
  <nestedLevel>1</nestedLevel>
  <escapedJava>false</escapedJava>
</record>
<record>
  <date>2026-02-03T06:51:06.951468900Z</date>
  <millis>1770101466951</millis>
  <nanos>468900</nanos>
  <sequence>112</sequence>
  <level>START</level>
  <class>com.kms.katalon.core.logging.XmlKeywordLogger</class>
  <method>startKeyword</method>
  <thread>1</thread>
  <message>Start action : if (!(isRunningFromSuite))</message>
  <nestedLevel>1</nestedLevel>
  <escapedJava>false</escapedJava>
  <property name="startLine">45</property>
  <property name="stepIndex">1</property>
</record>
<record>
  <date>2026-02-03T06:51:06.952591400Z</date>
  <millis>1770101466952</millis>
  <nanos>591400</nanos>
  <sequence>113</sequence>
  <level>END</level>
  <class>com.kms.katalon.core.logging.XmlKeywordLogger</class>
  <method>endKeyword</method>
  <thread>1</thread>
  <message>End action : if (!(isRunningFromSuite))</message>
  <nestedLevel>1</nestedLevel>
  <escapedJava>false</escapedJava>
</record>
<record>
  <date>2026-02-03T06:51:06.952591400Z</date>
  <millis>1770101466952</millis>
  <nanos>591400</nanos>
  <sequence>114</sequence>
  <level>START</level>
  <class>com.kms.katalon.core.logging.XmlKeywordLogger</class>
  <method>startKeyword</method>
  <thread>1</thread>
  <message>Start action : else</message>
  <nestedLevel>1</nestedLevel>
  <escapedJava>false</escapedJava>
  <property name="startLine">50</property>
  <property name="stepIndex">2</property>
</record>
<record>
  <date>2026-02-03T06:51:06.953592200Z</date>
  <millis>1770101466953</millis>
  <nanos>592200</nanos>
  <sequence>115</sequence>
  <level>START</level>
  <class>com.kms.katalon.core.logging.XmlKeywordLogger</class>
  <method>startKeyword</method>
  <thread>1</thread>
  <message>Start action : println(&amp;quot;SKIP GENERATE: Menggunakan data dari Test Suite Setup.&amp;quot;)</message>
  <nestedLevel>2</nestedLevel>
  <escapedJava>false</escapedJava>
  <property name="startLine">52</property>
  <property name="stepIndex">1</property>
</record>
<record>
  <date>2026-02-03T06:51:06.953592200Z</date>
  <millis>1770101466953</millis>
  <nanos>592200</nanos>
  <sequence>117</sequence>
  <level>END</level>
  <class>com.kms.katalon.core.logging.XmlKeywordLogger</class>
  <method>endKeyword</method>
  <thread>1</thread>
  <message>End action : println(&amp;quot;SKIP GENERATE: Menggunakan data dari Test Suite Setup.&amp;quot;)</message>
  <nestedLevel>2</nestedLevel>
  <escapedJava>false</escapedJava>
</record>
<record>
  <date>2026-02-03T06:51:06.954591500Z</date>
  <millis>1770101466954</millis>
  <nanos>591500</nanos>
  <sequence>118</sequence>
  <level>END</level>
  <class>com.kms.katalon.core.logging.XmlKeywordLogger</class>
  <method>endKeyword</method>
  <thread>1</thread>
  <message>End action : else</message>
  <nestedLevel>1</nestedLevel>
  <escapedJava>false</escapedJava>
</record>
<record>
  <date>2026-02-03T06:51:06.954591500Z</date>
  <millis>1770101466954</millis>
  <nanos>591500</nanos>
  <sequence>119</sequence>
  <level>END</level>
  <class>com.kms.katalon.core.logging.XmlKeywordLogger</class>
  <method>endKeyword</method>
  <thread>1</thread>
  <message>End listener action : setupNameData</message>
  <nestedLevel>1</nestedLevel>
  <escapedJava>false</escapedJava>
</record>
<record>
  <date>2026-02-03T06:51:07.003182900Z</date>
  <millis>1770101467003</millis>
  <nanos>182900</nanos>
  <sequence>120</sequence>
  <level>START</level>
  <class>com.kms.katalon.core.logging.XmlKeywordLogger</class>
  <method>startKeyword</method>
  <thread>1</thread>
  <message>Start action : click(findTestObject(&amp;quot;login session object/Button - Fixed Asset&amp;quot;))</message>
  <nestedLevel>1</nestedLevel>
  <escapedJava>false</escapedJava>
  <property name="startLine">20</property>
  <property name="stepIndex">1</property>
</record>
<record>
  <date>2026-02-03T06:51:37.181130Z</date>
  <millis>1770101497181</millis>
  <nanos>130000</nanos>
  <sequence>130</sequence>
  <level>FAILED</level>
  <class>com.kms.katalon.core.logging.XmlKeywordLogger</class>
  <method>logMessage</method>
  <thread>1</thread>
  <message>Unable to click on object &amp;apos;Object Repository/login session object/Button - Fixed Asset&amp;apos; (Root cause: com.kms.katalon.core.exception.StepFailedException: Unable to click on object &amp;apos;Object Repository/login session object/Button - Fixed Asset&amp;apos;
	at com.kms.katalon.core.webui.keyword.internal.WebUIKeywordMain.stepFailed(WebUIKeywordMain.groovy:177)
	at com.kms.katalon.core.webui.keyword.internal.WebUIKeywordMain.runKeyword(WebUIKeywordMain.groovy:49)
	at com.kms.katalon.core.webui.keyword.internal.WebUIKeywordMain.runKeywordUntilTimeout(WebUIKeywordMain.groovy:133)
	at com.kms.katalon.core.webui.keyword.builtin.ClickKeyword.click(ClickKeyword.groovy:65)
	at com.kms.katalon.core.webui.keyword.builtin.ClickKeyword.execute(ClickKeyword.groovy:38)
	at com.kms.katalon.core.keyword.internal.KeywordExecutor.executeKeywordForPlatform(KeywordExecutor.groovy:89)
	at com.kms.katalon.core.webui.keyword.WebUiBuiltInKeywords.click(WebUiBuiltInKeywords.groovy:721)
	at Click - Fixed Asset Button.run(Click - Fixed Asset Button:20)
	at com.kms.katalon.core.main.ScriptEngine.run(ScriptEngine.java:194)
	at com.kms.katalon.core.main.ScriptEngine.runScriptAsRawText(ScriptEngine.java:119)
	at com.kms.katalon.core.main.TestCaseExecutor.runScript(TestCaseExecutor.java:486)
	at com.kms.katalon.core.main.TestCaseExecutor.doExecute(TestCaseExecutor.java:477)
	at com.kms.katalon.core.main.TestCaseExecutor.processExecutionPhase(TestCaseExecutor.java:456)
	at com.kms.katalon.core.main.TestCaseExecutor.accessMainPhase(TestCaseExecutor.java:448)
	at com.kms.katalon.core.main.TestCaseExecutor.execute(TestCaseExecutor.java:322)
	at com.kms.katalon.core.common.CommonExecutor.accessTestCaseMainPhase(CommonExecutor.java:71)
	at com.kms.katalon.core.main.TestSuiteExecutor.accessTestSuiteMainPhase(TestSuiteExecutor.java:145)
	at com.kms.katalon.core.main.TestSuiteExecutor.execute(TestSuiteExecutor.java:104)
	at com.kms.katalon.core.main.TestCaseMain.startTestSuite(TestCaseMain.java:205)
	at TempTestSuite1770101415776.run(TempTestSuite1770101415776.groovy:35)
	at java.base/jdk.internal.reflect.NativeMethodAccessorImpl.invoke0(Native Method)
	at java.base/jdk.internal.reflect.NativeMethodAccessorImpl.invoke(NativeMethodAccessorImpl.java:77)
	at java.base/jdk.internal.reflect.DelegatingMethodAccessorImpl.invoke(DelegatingMethodAccessorImpl.java:43)
Caused by: com.kms.katalon.core.webui.exception.WebElementNotFoundException: Web element with id: &amp;apos;Object Repository/login session object/Button - Fixed Asset&amp;apos; located by &amp;apos;By.xpath: //a[@data-ts-name = &amp;apos;module-fixed&amp;apos;]&amp;apos; not found
	at com.kms.katalon.core.webui.model.WebUiElementFinder.findElementByNormalMethods(WebUiElementFinder.java:193)
	at com.kms.katalon.core.webui.model.WebUiElementFinder.findElementsBySelectedMethod(WebUiElementFinder.java:86)
	at com.kms.katalon.core.webui.model.WebUiElementFinder.findElementsBySelectedMethod(WebUiElementFinder.java:74)
	at com.kms.katalon.core.webui.model.WebUiElementFinder.findElementsBySelectedMethod(WebUiElementFinder.java:69)
	at com.kms.katalon.core.webui.model.WebUiElementFinder.findElement(WebUiElementFinder.java:43)
	at com.kms.katalon.core.webui.model.WebUiElementFinderWithTimeout.basicFindElement(WebUiElementFinderWithTimeout.java:50)
	at com.kms.katalon.core.webui.model.WebUiElementFinderWithTimeout.lambda$0(WebUiElementFinderWithTimeout.java:29)
	at com.kms.katalon.core.webui.model.SeleniumActionRetryController.performAction(SeleniumActionRetryController.java:96)
	at com.kms.katalon.core.webui.model.SeleniumActionRetryController.performAction(SeleniumActionRetryController.java:83)
	at com.kms.katalon.core.webui.model.WebUiElementFinderWithTimeout.findElement(WebUiElementFinderWithTimeout.java:28)
	at com.kms.katalon.core.webui.keyword.internal.WebUIAbstractKeyword.findWebElement(WebUIAbstractKeyword.groovy:96)
	at com.kms.katalon.core.webui.keyword.builtin.ClickKeyword$_click_closure1.doCall(ClickKeyword.groovy:52)
	at java.base/jdk.internal.reflect.NativeMethodAccessorImpl.invoke0(Native Method)
	at java.base/jdk.internal.reflect.NativeMethodAccessorImpl.invoke(NativeMethodAccessorImpl.java:77)
	at java.base/jdk.internal.reflect.DelegatingMethodAccessorImpl.invoke(DelegatingMethodAccessorImpl.java:43)
	at jdk.proxy2/jdk.proxy2.$Proxy48.execute(Unknown Source)
	at com.kms.katalon.core.webui.model.SeleniumActionRetryController.performAction(SeleniumActionRetryController.java:96)
	at com.kms.katalon.core.webui.model.SeleniumActionRetryController.performAction(SeleniumActionRetryController.java:83)
	at com.kms.katalon.core.webui.keyword.internal.WebUIKeywordMain$_runKeywordUntilTimeout_closure1.doCall(WebUIKeywordMain.groovy:135)
	at com.kms.katalon.core.webui.keyword.internal.WebUIKeywordMain$_runKeywordUntilTimeout_closure1.call(WebUIKeywordMain.groovy)
	at com.kms.katalon.core.webui.keyword.internal.WebUIKeywordMain.runKeyword(WebUIKeywordMain.groovy:41)
	at com.kms.katalon.core.webui.keyword.internal.WebUIKeywordMain.runKeywordUntilTimeout(WebUIKeywordMain.groovy:133)
	at com.kms.katalon.core.webui.keyword.builtin.ClickKeyword.click(ClickKeyword.groovy:65)
	at com.kms.katalon.core.webui.keyword.builtin.ClickKeyword.execute(ClickKeyword.groovy:38)
	at com.kms.katalon.core.keyword.internal.KeywordExecutor.executeKeywordForPlatform(KeywordExecutor.groovy:89)
	at com.kms.katalon.core.webui.keyword.WebUiBuiltInKeywords.click(WebUiBuiltInKeywords.groovy:721)
	at Script1765794197720.run(Script1765794197720.groovy:20)
	... 15 more
)</message>
  <nestedLevel>1</nestedLevel>
  <escapedJava>false</escapedJava>
  <property name="failed.exception.class">com.kms.katalon.core.webui.exception.WebElementNotFoundException</property>
  <property name="attachment">1770101497085.png</property>
  <property name="failed.exception.stacktrace">com.kms.katalon.core.webui.exception.WebElementNotFoundException: Web element with id: &apos;Object Repository/login session object/Button - Fixed Asset&apos; located by &apos;By.xpath: //a[@data-ts-name = &apos;module-fixed&apos;]&apos; not found
	at com.kms.katalon.core.webui.model.WebUiElementFinder.findElementByNormalMethods(WebUiElementFinder.java:193)
	at com.kms.katalon.core.webui.model.WebUiElementFinder.findElementsBySelectedMethod(WebUiElementFinder.java:86)
	at com.kms.katalon.core.webui.model.WebUiElementFinder.findElementsBySelectedMethod(WebUiElementFinder.java:74)
	at com.kms.katalon.core.webui.model.WebUiElementFinder.findElementsBySelectedMethod(WebUiElementFinder.java:69)
	at com.kms.katalon.core.webui.model.WebUiElementFinder.findElement(WebUiElementFinder.java:43)
	at com.kms.katalon.core.webui.model.WebUiElementFinderWithTimeout.basicFindElement(WebUiElementFinderWithTimeout.java:50)
	at com.kms.katalon.core.webui.model.WebUiElementFinderWithTimeout.lambda$0(WebUiElementFinderWithTimeout.java:29)
	at com.kms.katalon.core.webui.model.SeleniumActionRetryController.performAction(SeleniumActionRetryController.java:96)
	at com.kms.katalon.core.webui.model.SeleniumActionRetryController.performAction(SeleniumActionRetryController.java:83)
	at com.kms.katalon.core.webui.model.WebUiElementFinderWithTimeout.findElement(WebUiElementFinderWithTimeout.java:28)
	at com.kms.katalon.core.webui.keyword.internal.WebUIAbstractKeyword.findWebElement(WebUIAbstractKeyword.groovy:96)
	at com.kms.katalon.core.webui.keyword.builtin.ClickKeyword$_click_closure1.doCall(ClickKeyword.groovy:52)
	at java.base/jdk.internal.reflect.NativeMethodAccessorImpl.invoke0(Native Method)
	at java.base/jdk.internal.reflect.NativeMethodAccessorImpl.invoke(NativeMethodAccessorImpl.java:77)
	at java.base/jdk.internal.reflect.DelegatingMethodAccessorImpl.invoke(DelegatingMethodAccessorImpl.java:43)
	at jdk.proxy2/jdk.proxy2.$Proxy48.execute(Unknown Source)
	at com.kms.katalon.core.webui.model.SeleniumActionRetryController.performAction(SeleniumActionRetryController.java:96)
	at com.kms.katalon.core.webui.model.SeleniumActionRetryController.performAction(SeleniumActionRetryController.java:83)
	at com.kms.katalon.core.webui.keyword.internal.WebUIKeywordMain$_runKeywordUntilTimeout_closure1.doCall(WebUIKeywordMain.groovy:135)
	at com.kms.katalon.core.webui.keyword.internal.WebUIKeywordMain$_runKeywordUntilTimeout_closure1.call(WebUIKeywordMain.groovy)
	at com.kms.katalon.core.webui.keyword.internal.WebUIKeywordMain.runKeyword(WebUIKeywordMain.groovy:41)
	at com.kms.katalon.core.webui.keyword.internal.WebUIKeywordMain.runKeywordUntilTimeout(WebUIKeywordMain.groovy:133)
	at com.kms.katalon.core.webui.keyword.builtin.ClickKeyword.click(ClickKeyword.groovy:65)
	at com.kms.katalon.core.webui.keyword.builtin.ClickKeyword.execute(ClickKeyword.groovy:38)
	at com.kms.katalon.core.keyword.internal.KeywordExecutor.executeKeywordForPlatform(KeywordExecutor.groovy:89)
	at com.kms.katalon.core.webui.keyword.WebUiBuiltInKeywords.click(WebUiBuiltInKeywords.groovy:721)
	at Click - Fixed Asset Button.run(Click - Fixed Asset Button:20)
	at com.kms.katalon.core.main.ScriptEngine.run(ScriptEngine.java:194)
	at com.kms.katalon.core.main.ScriptEngine.runScriptAsRawText(ScriptEngine.java:119)
	at com.kms.katalon.core.main.TestCaseExecutor.runScript(TestCaseExecutor.java:486)
	at com.kms.katalon.core.main.TestCaseExecutor.doExecute(TestCaseExecutor.java:477)
	at com.kms.katalon.core.main.TestCaseExecutor.processExecutionPhase(TestCaseExecutor.java:456)
	at com.kms.katalon.core.main.TestCaseExecutor.accessMainPhase(TestCaseExecutor.java:448)
	at com.kms.katalon.core.main.TestCaseExecutor.execute(TestCaseExecutor.java:322)
	at com.kms.katalon.core.common.CommonExecutor.accessTestCaseMainPhase(CommonExecutor.java:71)
	at com.kms.katalon.core.main.TestSuiteExecutor.accessTestSuiteMainPhase(TestSuiteExecutor.java:145)
	at com.kms.katalon.core.main.TestSuiteExecutor.execute(TestSuiteExecutor.java:104)
	at com.kms.katalon.core.main.TestCaseMain.startTestSuite(TestCaseMain.java:205)
	at TempTestSuite1770101415776.run(TempTestSuite1770101415776.groovy:35)
	at java.base/jdk.internal.reflect.NativeMethodAccessorImpl.invoke0(Native Method)
	at java.base/jdk.internal.reflect.NativeMethodAccessorImpl.invoke(NativeMethodAccessorImpl.java:77)
	at java.base/jdk.internal.reflect.DelegatingMethodAccessorImpl.invoke(DelegatingMethodAccessorImpl.java:43)
</property>
  <property name="failed.exception.message">Web element with id: &apos;Object Repository/login session object/Button - Fixed Asset&apos; located by &apos;By.xpath: //a[@data-ts-name = &apos;module-fixed&apos;]&apos; not found</property>
</record>
<record>
  <date>2026-02-03T06:51:37.183141900Z</date>
  <millis>1770101497183</millis>
  <nanos>141900</nanos>
  <sequence>133</sequence>
  <level>END</level>
  <class>com.kms.katalon.core.logging.XmlKeywordLogger</class>
  <method>endKeyword</method>
  <thread>1</thread>
  <message>End action : click(findTestObject(&amp;quot;login session object/Button - Fixed Asset&amp;quot;))</message>
  <nestedLevel>1</nestedLevel>
  <escapedJava>false</escapedJava>
</record>
<record>
  <date>2026-02-03T06:51:37.184137700Z</date>
  <millis>1770101497184</millis>
  <nanos>137700</nanos>
  <sequence>136</sequence>
  <level>FAILED</level>
  <class>com.kms.katalon.core.logging.XmlKeywordLogger</class>
  <method>logMessage</method>
  <thread>1</thread>
  <message>Test Cases/Click - Fixed Asset Button FAILED.
Reason:
com.kms.katalon.core.exception.StepFailedException: Unable to click on object &amp;apos;Object Repository/login session object/Button - Fixed Asset&amp;apos;
	at com.kms.katalon.core.webui.keyword.internal.WebUIKeywordMain.stepFailed(WebUIKeywordMain.groovy:177)
	at com.kms.katalon.core.webui.keyword.internal.WebUIKeywordMain.runKeyword(WebUIKeywordMain.groovy:49)
	at com.kms.katalon.core.webui.keyword.internal.WebUIKeywordMain.runKeywordUntilTimeout(WebUIKeywordMain.groovy:133)
	at com.kms.katalon.core.webui.keyword.builtin.ClickKeyword.click(ClickKeyword.groovy:65)
	at com.kms.katalon.core.webui.keyword.builtin.ClickKeyword.execute(ClickKeyword.groovy:38)
	at com.kms.katalon.core.keyword.internal.KeywordExecutor.executeKeywordForPlatform(KeywordExecutor.groovy:89)
	at com.kms.katalon.core.webui.keyword.WebUiBuiltInKeywords.click(WebUiBuiltInKeywords.groovy:721)
	at Click - Fixed Asset Button.run(Click - Fixed Asset Button:20)
	at com.kms.katalon.core.main.ScriptEngine.run(ScriptEngine.java:194)
	at com.kms.katalon.core.main.ScriptEngine.runScriptAsRawText(ScriptEngine.java:119)
	at com.kms.katalon.core.main.TestCaseExecutor.runScript(TestCaseExecutor.java:486)
	at com.kms.katalon.core.main.TestCaseExecutor.doExecute(TestCaseExecutor.java:477)
	at com.kms.katalon.core.main.TestCaseExecutor.processExecutionPhase(TestCaseExecutor.java:456)
	at com.kms.katalon.core.main.TestCaseExecutor.accessMainPhase(TestCaseExecutor.java:448)
	at com.kms.katalon.core.main.TestCaseExecutor.execute(TestCaseExecutor.java:322)
	at com.kms.katalon.core.common.CommonExecutor.accessTestCaseMainPhase(CommonExecutor.java:71)
	at com.kms.katalon.core.main.TestSuiteExecutor.accessTestSuiteMainPhase(TestSuiteExecutor.java:145)
	at com.kms.katalon.core.main.TestSuiteExecutor.execute(TestSuiteExecutor.java:104)
	at com.kms.katalon.core.main.TestCaseMain.startTestSuite(TestCaseMain.java:205)
	at TempTestSuite1770101415776.run(TempTestSuite1770101415776.groovy:35)
	at java.base/jdk.internal.reflect.NativeMethodAccessorImpl.invoke0(Native Method)
	at java.base/jdk.internal.reflect.NativeMethodAccessorImpl.invoke(NativeMethodAccessorImpl.java:77)
	at java.base/jdk.internal.reflect.DelegatingMethodAccessorImpl.invoke(DelegatingMethodAccessorImpl.java:43)
Caused by: com.kms.katalon.core.webui.exception.WebElementNotFoundException: Web element with id: &amp;apos;Object Repository/login session object/Button - Fixed Asset&amp;apos; located by &amp;apos;By.xpath: //a[@data-ts-name = &amp;apos;module-fixed&amp;apos;]&amp;apos; not found
	at com.kms.katalon.core.webui.model.WebUiElementFinder.findElementByNormalMethods(WebUiElementFinder.java:193)
	at com.kms.katalon.core.webui.model.WebUiElementFinder.findElementsBySelectedMethod(WebUiElementFinder.java:86)
	at com.kms.katalon.core.webui.model.WebUiElementFinder.findElementsBySelectedMethod(WebUiElementFinder.java:74)
	at com.kms.katalon.core.webui.model.WebUiElementFinder.findElementsBySelectedMethod(WebUiElementFinder.java:69)
	at com.kms.katalon.core.webui.model.WebUiElementFinder.findElement(WebUiElementFinder.java:43)
	at com.kms.katalon.core.webui.model.WebUiElementFinderWithTimeout.basicFindElement(WebUiElementFinderWithTimeout.java:50)
	at com.kms.katalon.core.webui.model.WebUiElementFinderWithTimeout.lambda$0(WebUiElementFinderWithTimeout.java:29)
	at com.kms.katalon.core.webui.model.SeleniumActionRetryController.performAction(SeleniumActionRetryController.java:96)
	at com.kms.katalon.core.webui.model.SeleniumActionRetryController.performAction(SeleniumActionRetryController.java:83)
	at com.kms.katalon.core.webui.model.WebUiElementFinderWithTimeout.findElement(WebUiElementFinderWithTimeout.java:28)
	at com.kms.katalon.core.webui.keyword.internal.WebUIAbstractKeyword.findWebElement(WebUIAbstractKeyword.groovy:96)
	at com.kms.katalon.core.webui.keyword.builtin.ClickKeyword$_click_closure1.doCall(ClickKeyword.groovy:52)
	at java.base/jdk.internal.reflect.NativeMethodAccessorImpl.invoke0(Native Method)
	at java.base/jdk.internal.reflect.NativeMethodAccessorImpl.invoke(NativeMethodAccessorImpl.java:77)
	at java.base/jdk.internal.reflect.DelegatingMethodAccessorImpl.invoke(DelegatingMethodAccessorImpl.java:43)
	at jdk.proxy2/jdk.proxy2.$Proxy48.execute(Unknown Source)
	at com.kms.katalon.core.webui.model.SeleniumActionRetryController.performAction(SeleniumActionRetryController.java:96)
	at com.kms.katalon.core.webui.model.SeleniumActionRetryController.performAction(SeleniumActionRetryController.java:83)
	at com.kms.katalon.core.webui.keyword.internal.WebUIKeywordMain$_runKeywordUntilTimeout_closure1.doCall(WebUIKeywordMain.groovy:135)
	at com.kms.katalon.core.webui.keyword.internal.WebUIKeywordMain$_runKeywordUntilTimeout_closure1.call(WebUIKeywordMain.groovy)
	at com.kms.katalon.core.webui.keyword.internal.WebUIKeywordMain.runKeyword(WebUIKeywordMain.groovy:41)
	... 21 more
</message>
  <exception>
    <message>com.kms.katalon.core.exception.StepFailedException: Unable to click on object 'Object Repository/login session object/Button - Fixed Asset'</message>
    <frame>
      <class>com.kms.katalon.core.logging.XmlKeywordLogger</class>
      <method>logMessage</method>
      <line>512</line>
    </frame>
    <frame>
      <class>com.kms.katalon.core.logging.KeywordLogger</class>
      <method>logMessage</method>
      <line>447</line>
    </frame>
    <frame>
      <class>com.kms.katalon.core.main.TestCaseExecutor</class>
      <method>logError</method>
      <line>595</line>
    </frame>
    <frame>
      <class>com.kms.katalon.core.main.TestCaseExecutor</class>
      <method>onExecutionError</method>
      <line>187</line>
    </frame>
    <frame>
      <class>com.kms.katalon.core.main.TestCaseExecutor</class>
      <method>processExecutionPhase</method>
      <line>466</line>
    </frame>
    <frame>
      <class>com.kms.katalon.core.main.TestCaseExecutor</class>
      <method>accessMainPhase</method>
      <line>448</line>
    </frame>
    <frame>
      <class>com.kms.katalon.core.main.TestCaseExecutor</class>
      <method>execute</method>
      <line>322</line>
    </frame>
    <frame>
      <class>com.kms.katalon.core.common.CommonExecutor</class>
      <method>accessTestCaseMainPhase</method>
      <line>71</line>
    </frame>
    <frame>
      <class>com.kms.katalon.core.main.TestSuiteExecutor</class>
      <method>accessTestSuiteMainPhase</method>
      <line>145</line>
    </frame>
    <frame>
      <class>com.kms.katalon.core.main.TestSuiteExecutor</class>
      <method>execute</method>
      <line>104</line>
    </frame>
    <frame>
      <class>com.kms.katalon.core.main.TestCaseMain</class>
      <method>startTestSuite</method>
      <line>205</line>
    </frame>
    <frame>
      <class>org.codehaus.groovy.vmplugin.v8.IndyInterface</class>
      <method>fromCache</method>
      <line>318</line>
    </frame>
    <frame>
      <class>TempTestSuite1770101415776</class>
      <method>run</method>
      <line>35</line>
    </frame>
    <frame>
      <class>groovy.lang.GroovyShell</class>
      <method>runScriptOrMainOrTestOrRunnable</method>
      <line>254</line>
    </frame>
    <frame>
      <class>groovy.lang.GroovyShell</class>
      <method>run</method>
      <line>360</line>
    </frame>
    <frame>
      <class>groovy.lang.GroovyShell</class>
      <method>run</method>
      <line>349</line>
    </frame>
    <frame>
      <class>groovy.ui.GroovyMain</class>
      <method>processOnce</method>
      <line>652</line>
    </frame>
    <frame>
      <class>groovy.ui.GroovyMain</class>
      <method>run</method>
      <line>398</line>
    </frame>
    <frame>
      <class>groovy.ui.GroovyMain</class>
      <method>access$1400</method>
      <line>68</line>
    </frame>
    <frame>
      <class>groovy.ui.GroovyMain$GroovyCommand</class>
      <method>process</method>
      <line>322</line>
    </frame>
    <frame>
      <class>groovy.ui.GroovyMain</class>
      <method>processArgs</method>
      <line>142</line>
    </frame>
    <frame>
      <class>groovy.ui.GroovyMain</class>
      <method>main</method>
      <line>115</line>
    </frame>
    <frame>
      <class>jdk.internal.reflect.NativeMethodAccessorImpl</class>
      <method>invoke0</method>
    </frame>
    <frame>
      <class>jdk.internal.reflect.NativeMethodAccessorImpl</class>
      <method>invoke</method>
      <line>77</line>
    </frame>
    <frame>
      <class>jdk.internal.reflect.DelegatingMethodAccessorImpl</class>
      <method>invoke</method>
      <line>43</line>
    </frame>
    <frame>
      <class>java.lang.reflect.Method</class>
      <method>invoke</method>
      <line>569</line>
    </frame>
    <frame>
      <class>org.codehaus.groovy.tools.GroovyStarter</class>
      <method>rootLoader</method>
      <line>117</line>
    </frame>
    <frame>
      <class>org.codehaus.groovy.tools.GroovyStarter</class>
      <method>main</method>
      <line>39</line>
    </frame>
  </exception>
  <nestedLevel>0</nestedLevel>
  <escapedJava>false</escapedJava>
  <property name="failed.exception.stacktrace">com.kms.katalon.core.webui.exception.WebElementNotFoundException: Web element with id: &apos;Object Repository/login session object/Button - Fixed Asset&apos; located by &apos;By.xpath: //a[@data-ts-name = &apos;module-fixed&apos;]&apos; not found
	at com.kms.katalon.core.webui.model.WebUiElementFinder.findElementByNormalMethods(WebUiElementFinder.java:193)
	at com.kms.katalon.core.webui.model.WebUiElementFinder.findElementsBySelectedMethod(WebUiElementFinder.java:86)
	at com.kms.katalon.core.webui.model.WebUiElementFinder.findElementsBySelectedMethod(WebUiElementFinder.java:74)
	at com.kms.katalon.core.webui.model.WebUiElementFinder.findElementsBySelectedMethod(WebUiElementFinder.java:69)
	at com.kms.katalon.core.webui.model.WebUiElementFinder.findElement(WebUiElementFinder.java:43)
	at com.kms.katalon.core.webui.model.WebUiElementFinderWithTimeout.basicFindElement(WebUiElementFinderWithTimeout.java:50)
	at com.kms.katalon.core.webui.model.WebUiElementFinderWithTimeout.lambda$0(WebUiElementFinderWithTimeout.java:29)
	at com.kms.katalon.core.webui.model.SeleniumActionRetryController.performAction(SeleniumActionRetryController.java:96)
	at com.kms.katalon.core.webui.model.SeleniumActionRetryController.performAction(SeleniumActionRetryController.java:83)
	at com.kms.katalon.core.webui.model.WebUiElementFinderWithTimeout.findElement(WebUiElementFinderWithTimeout.java:28)
	at com.kms.katalon.core.webui.keyword.internal.WebUIAbstractKeyword.findWebElement(WebUIAbstractKeyword.groovy:96)
	at com.kms.katalon.core.webui.keyword.builtin.ClickKeyword$_click_closure1.doCall(ClickKeyword.groovy:52)
	at java.base/jdk.internal.reflect.NativeMethodAccessorImpl.invoke0(Native Method)
	at java.base/jdk.internal.reflect.NativeMethodAccessorImpl.invoke(NativeMethodAccessorImpl.java:77)
	at java.base/jdk.internal.reflect.DelegatingMethodAccessorImpl.invoke(DelegatingMethodAccessorImpl.java:43)
	at jdk.proxy2/jdk.proxy2.$Proxy48.execute(Unknown Source)
	at com.kms.katalon.core.webui.model.SeleniumActionRetryController.performAction(SeleniumActionRetryController.java:96)
	at com.kms.katalon.core.webui.model.SeleniumActionRetryController.performAction(SeleniumActionRetryController.java:83)
	at com.kms.katalon.core.webui.keyword.internal.WebUIKeywordMain$_runKeywordUntilTimeout_closure1.doCall(WebUIKeywordMain.groovy:135)
	at com.kms.katalon.core.webui.keyword.internal.WebUIKeywordMain$_runKeywordUntilTimeout_closure1.call(WebUIKeywordMain.groovy)
	at com.kms.katalon.core.webui.keyword.internal.WebUIKeywordMain.runKeyword(WebUIKeywordMain.groovy:41)
	at com.kms.katalon.core.webui.keyword.internal.WebUIKeywordMain.runKeywordUntilTimeout(WebUIKeywordMain.groovy:133)
	at com.kms.katalon.core.webui.keyword.builtin.ClickKeyword.click(ClickKeyword.groovy:65)
	at com.kms.katalon.core.webui.keyword.builtin.ClickKeyword.execute(ClickKeyword.groovy:38)
	at com.kms.katalon.core.keyword.internal.KeywordExecutor.executeKeywordForPlatform(KeywordExecutor.groovy:89)
	at com.kms.katalon.core.webui.keyword.WebUiBuiltInKeywords.click(WebUiBuiltInKeywords.groovy:721)
	at Click - Fixed Asset Button.run(Click - Fixed Asset Button:20)
	at com.kms.katalon.core.main.ScriptEngine.run(ScriptEngine.java:194)
	at com.kms.katalon.core.main.ScriptEngine.runScriptAsRawText(ScriptEngine.java:119)
	at com.kms.katalon.core.main.TestCaseExecutor.runScript(TestCaseExecutor.java:486)
	at com.kms.katalon.core.main.TestCaseExecutor.doExecute(TestCaseExecutor.java:477)
	at com.kms.katalon.core.main.TestCaseExecutor.processExecutionPhase(TestCaseExecutor.java:456)
	at com.kms.katalon.core.main.TestCaseExecutor.accessMainPhase(TestCaseExecutor.java:448)
	at com.kms.katalon.core.main.TestCaseExecutor.execute(TestCaseExecutor.java:322)
	at com.kms.katalon.core.common.CommonExecutor.accessTestCaseMainPhase(CommonExecutor.java:71)
	at com.kms.katalon.core.main.TestSuiteExecutor.accessTestSuiteMainPhase(TestSuiteExecutor.java:145)
	at com.kms.katalon.core.main.TestSuiteExecutor.execute(TestSuiteExecutor.java:104)
	at com.kms.katalon.core.main.TestCaseMain.startTestSuite(TestCaseMain.java:205)
	at TempTestSuite1770101415776.run(TempTestSuite1770101415776.groovy:35)
	at java.base/jdk.internal.reflect.NativeMethodAccessorImpl.invoke0(Native Method)
	at java.base/jdk.internal.reflect.NativeMethodAccessorImpl.invoke(NativeMethodAccessorImpl.java:77)
	at java.base/jdk.internal.reflect.DelegatingMethodAccessorImpl.invoke(DelegatingMethodAccessorImpl.java:43)
</property>
  <property name="failed.exception.class">com.kms.katalon.core.webui.exception.WebElementNotFoundException</property>
  <property name="failed.exception.message">Web element with id: &apos;Object Repository/login session object/Button - Fixed Asset&apos; located by &apos;By.xpath: //a[@data-ts-name = &apos;module-fixed&apos;]&apos; not found</property>
</record>
<record>
  <date>2026-02-03T06:51:37.186917800Z</date>
  <millis>1770101497186</millis>
  <nanos>917800</nanos>
  <sequence>138</sequence>
  <level>END</level>
  <class>com.kms.katalon.core.logging.XmlKeywordLogger</class>
  <method>endTest</method>
  <thread>1</thread>
  <message>End Test Case : Test Cases/Click - Fixed Asset Button</message>
  <nestedLevel>0</nestedLevel>
  <escapedJava>false</escapedJava>
  <property name="executionBindingVariables">[]</property>
  <property name="applitools">false</property>
  <property name="keywordsUsage">{
  &quot;web_ui&quot;: true,
  &quot;web_service&quot;: false,
  &quot;cucumber&quot;: false,
  &quot;builtin&quot;: false,
  &quot;mobile&quot;: false,
  &quot;windows&quot;: false,
  &quot;testng&quot;: false
}</property>
</record>
<record>
  <date>2026-02-03T06:51:37.202170900Z</date>
  <millis>1770101497202</millis>
  <nanos>170900</nanos>
  <sequence>139</sequence>
  <level>START</level>
  <class>com.kms.katalon.core.logging.XmlKeywordLogger</class>
  <method>startTest</method>
  <thread>1</thread>
  <message>Start Test Case : Test Cases/Module - Addon/Submodule - Maintenance Routine/Open - Addon Maintenance Routine</message>
  <nestedLevel>1</nestedLevel>
  <escapedJava>false</escapedJava>
  <property name="origin"></property>
  <property name="name">Test Cases/Module - Addon/Submodule - Maintenance Routine/Open - Addon Maintenance Routine</property>
  <property name="description"></property>
  <property name="iteration"></property>
  <property name="id">Test Cases/Module - Addon/Submodule - Maintenance Routine/Open - Addon Maintenance Routine</property>
  <property name="source">D:\ka\Test Cases\Module - Addon\Submodule - Maintenance Routine\Open - Addon Maintenance Routine.tc</property>
  <property name="tag"></property>
  <property name="isOptional">false</property>
</record>
<record>
  <date>2026-02-03T06:51:37.210790800Z</date>
  <millis>1770101497210</millis>
  <nanos>790800</nanos>
  <sequence>141</sequence>
  <level>START</level>
  <class>com.kms.katalon.core.logging.XmlKeywordLogger</class>
  <method>startKeyword</method>
  <thread>1</thread>
  <message>Start listener action : setupNameData</message>
  <nestedLevel>1</nestedLevel>
  <escapedJava>false</escapedJava>
</record>
<record>
  <date>2026-02-03T06:51:37.211296800Z</date>
  <millis>1770101497211</millis>
  <nanos>296800</nanos>
  <sequence>143</sequence>
  <level>START</level>
  <class>com.kms.katalon.core.logging.XmlKeywordLogger</class>
  <method>startKeyword</method>
  <thread>1</thread>
  <message>Start action : if (!(isRunningFromSuite))</message>
  <nestedLevel>1</nestedLevel>
  <escapedJava>false</escapedJava>
  <property name="startLine">45</property>
  <property name="stepIndex">1</property>
</record>
<record>
  <date>2026-02-03T06:51:37.211296800Z</date>
  <millis>1770101497211</millis>
  <nanos>296800</nanos>
  <sequence>144</sequence>
  <level>END</level>
  <class>com.kms.katalon.core.logging.XmlKeywordLogger</class>
  <method>endKeyword</method>
  <thread>1</thread>
  <message>End action : if (!(isRunningFromSuite))</message>
  <nestedLevel>1</nestedLevel>
  <escapedJava>false</escapedJava>
</record>
<record>
  <date>2026-02-03T06:51:37.211296800Z</date>
  <millis>1770101497211</millis>
  <nanos>296800</nanos>
  <sequence>145</sequence>
  <level>START</level>
  <class>com.kms.katalon.core.logging.XmlKeywordLogger</class>
  <method>startKeyword</method>
  <thread>1</thread>
  <message>Start action : else</message>
  <nestedLevel>1</nestedLevel>
  <escapedJava>false</escapedJava>
  <property name="startLine">50</property>
  <property name="stepIndex">2</property>
</record>
<record>
  <date>2026-02-03T06:51:37.212304500Z</date>
  <millis>1770101497212</millis>
  <nanos>304500</nanos>
  <sequence>146</sequence>
  <level>START</level>
  <class>com.kms.katalon.core.logging.XmlKeywordLogger</class>
  <method>startKeyword</method>
  <thread>1</thread>
  <message>Start action : println(&amp;quot;SKIP GENERATE: Menggunakan data dari Test Suite Setup.&amp;quot;)</message>
  <nestedLevel>2</nestedLevel>
  <escapedJava>false</escapedJava>
  <property name="startLine">52</property>
  <property name="stepIndex">1</property>
</record>
<record>
  <date>2026-02-03T06:51:37.212939800Z</date>
  <millis>1770101497212</millis>
  <nanos>939800</nanos>
  <sequence>148</sequence>
  <level>END</level>
  <class>com.kms.katalon.core.logging.XmlKeywordLogger</class>
  <method>endKeyword</method>
  <thread>1</thread>
  <message>End action : println(&amp;quot;SKIP GENERATE: Menggunakan data dari Test Suite Setup.&amp;quot;)</message>
  <nestedLevel>2</nestedLevel>
  <escapedJava>false</escapedJava>
</record>
<record>
  <date>2026-02-03T06:51:37.212939800Z</date>
  <millis>1770101497212</millis>
  <nanos>939800</nanos>
  <sequence>149</sequence>
  <level>END</level>
  <class>com.kms.katalon.core.logging.XmlKeywordLogger</class>
  <method>endKeyword</method>
  <thread>1</thread>
  <message>End action : else</message>
  <nestedLevel>1</nestedLevel>
  <escapedJava>false</escapedJava>
</record>
<record>
  <date>2026-02-03T06:51:37.212939800Z</date>
  <millis>1770101497212</millis>
  <nanos>939800</nanos>
  <sequence>150</sequence>
  <level>END</level>
  <class>com.kms.katalon.core.logging.XmlKeywordLogger</class>
  <method>endKeyword</method>
  <thread>1</thread>
  <message>End listener action : setupNameData</message>
  <nestedLevel>1</nestedLevel>
  <escapedJava>false</escapedJava>
</record>
<record>
  <date>2026-02-03T06:51:37.262247700Z</date>
  <millis>1770101497262</millis>
  <nanos>247700</nanos>
  <sequence>151</sequence>
  <level>START</level>
  <class>com.kms.katalon.core.logging.XmlKeywordLogger</class>
  <method>startKeyword</method>
  <thread>1</thread>
  <message>Start action : click(findTestObject(&amp;quot;Object - Maintenance Routine/Sidebar Menu - Addon&amp;quot;))</message>
  <nestedLevel>1</nestedLevel>
  <escapedJava>false</escapedJava>
  <property name="startLine">20</property>
  <property name="stepIndex">1</property>
</record>
